epoch,lr-AdamW,step,train/acc,train/acc_s0_1,train/acc_s1_2,train/acc_s2_4,train/acc_s3_8,train/acc_s4_16,train/loss_epoch,train/loss_s0_1_epoch,train/loss_s0_1_step,train/loss_s1_2_epoch,train/loss_s1_2_step,train/loss_s2_4_epoch,train/loss_s2_4_step,train/loss_s3_8_epoch,train/loss_s3_8_step,train/loss_s4_16_epoch,train/loss_s4_16_step,train/loss_step,val/acc,val/acc_s0_1,val/acc_s1_2,val/acc_s2_4,val/acc_s3_8,val/acc_s4_16,val/loss,val/loss_s0_1,val/loss_s1_2,val/loss_s2_4,val/loss_s3_8,val/loss_s4_16
,0.0003,0,,,,,,,,,,,,,,,,,,,,,,,,,,,,,,
0,,3,,,,,,,,,,,,,,,,,,,0.7462770342826843,1.0,1.0,0.943115234375,0.8011474609375,0.715301513671875,2.1852378845214844,4.03125,1.291015625,1.1207761764526367,1.8435227870941162,2.34395694732666
0,,3,0.5392258167266846,0.010999999940395355,0.5040000081062317,0.5417500138282776,0.5810937285423279,0.5312148332595825,4.153092384338379,6.073093891143799,,4.549656391143799,,4.333592414855957,,4.1712541580200195,,4.1235737800598145,,,,,,,,,,,,,,
,0.0002999259840548597,4,,,,,,,,,,,,,,,,,,,,,,,,,,,,,,
1,,4,,,,,,,,,4.16241455078125,,1.3860702514648438,,1.1472063064575195,,1.8495558500289917,,2.3122849464416504,2.1653330326080322,,,,,,,,,,,,
1,,7,,,,,,,,,,,,,,,,,,,0.7462770342826843,1.0,1.0,0.943115234375,0.8011474609375,0.715301513671875,2.0168838500976562,0.35546875,0.228515625,0.6024799346923828,1.6228184700012207,2.2382335662841797
1,,7,0.7448974251747131,0.9909999966621399,1.0,0.9441875219345093,0.8007344007492065,0.7135351300239563,2.1252388954162598,2.3009355068206787,,0.6592229008674622,,0.7878725528717041,,1.7274560928344727,,2.3304896354675293,,,,,,,,,,,,,,
,0.0002997040092642407,8,,,,,,,,,,,,,,,,,,,,,,,,,,,,,,
2,,9,,,,,,,,,0.351470947265625,,0.2913637161254883,,0.5926609039306641,,1.6073803901672363,,2.207064628601074,1.9908515214920044,,,,,,,,,,,,
2,,11,,,,,,,,,,,,,,,,,,,0.7462770342826843,1.0,1.0,0.943115234375,0.8011474609375,0.715301513671875,1.925957202911377,0.23046875,0.251220703125,0.6041512489318848,1.551613211631775,2.134946823120117
2,,11,0.7449238300323486,1.0,1.0,0.9441875219345093,0.8007344007492065,0.7135351300239563,1.9897164106369019,0.34653809666633606,,0.2888732850551605,,0.626681923866272,,1.6009818315505981,,2.2050840854644775,,,,,,,,,,,,,,
,0.000299334294690462,12,,,,,,,,,,,,,,,,,,,,,,,,,,,,,,
3,,14,,,,,,,,,0.20494461059570312,,0.21263885498046875,,0.5272278785705566,,1.5117313861846924,,2.1108975410461426,1.8962806463241577,,,,,,,,,,,,
3,,15,,,,,,,,,,,,,,,,,,,0.7462770342826843,1.0,1.0,0.943115234375,0.8011474609375,0.715301513671875,1.8613882064819336,0.1865234375,0.198486328125,0.5476503372192383,1.492610216140747,2.0682168006896973
3,,15,0.7449237704277039,1.0,1.0,0.9441875219345093,0.8007344007492065,0.7135351300239563,1.9051190614700317,0.22057031095027924,,0.23054224252700806,,0.5694757699966431,,1.5256317853927612,,2.116213798522949,,,,,,,,,,,,,,
,0.0002988172051971717,16,,,,,,,,,,,,,,,,,,,,,,,,,,,,,,
4,,19,,,,,,,,,0.22823360562324524,,0.24969376623630524,,0.5819502472877502,,1.4801112413406372,,2.0614051818847656,1.856261134147644,,,,,,,,,,,,
4,,19,,,,,,,,,,,,,,,,,,,0.7462770342826843,1.0,1.0,0.943115234375,0.8011474609375,0.715301513671875,1.809208631515503,0.208984375,0.235595703125,0.5556690692901611,1.4470500946044922,2.0089330673217773
4,,19,0.7449237108230591,1.0,1.0,0.9441875219345093,0.8007344007492065,0.7135351300239563,1.8449804782867432,0.21506543457508087,,0.23016357421875,,0.5521267056465149,,1.4725351333618164,,2.0504934787750244,,,,,,,,,,,,,,
,0.00029815325108927063,20,,,,,,,,,,,,,,,,,,,,,,,,,,,,,,
5,,23,,,,,,,,,,,,,,,,,,,0.7462770342826843,1.0,1.0,0.943115234375,0.8011474609375,0.715301513671875,1.7600818872451782,0.140625,0.1533203125,0.4952511787414551,1.410735011100769,1.957902193069458
5,,23,0.7449237704277039,1.0,1.0,0.9441875219345093,0.8007344007492065,0.7135351300239563,1.7975795269012451,0.19835840165615082,,0.21355175971984863,,0.5293630361557007,,1.4309535026550293,,1.9994968175888062,,,,,,,,,,,,,,
,0.00029734308760930326,24,,,,,,,,,,,,,,,,,,,,,,,,,,,,,,
6,,24,,,,,,,,,0.15478134155273438,,0.16161632537841797,,0.49989354610443115,,1.417658805847168,,1.9739923477172852,1.773817539215088,,,,,,,,,,,,
6,,27,,,,,,,,,,,,,,,,,,,0.7462770342826843,1.0,1.0,0.943115234375,0.8011474609375,0.715301513671875,1.6766360998153687,0.109375,0.11279296875,0.4691582918167114,1.3620944023132324,1.8612959384918213
6,,27,0.7449237704277039,1.0,1.0,0.9441875219345093,0.8007344007492065,0.7135351300239563,1.7421680688858032,0.14506933093070984,,0.152236208319664,,0.48244228959083557,,1.3909496068954468,,1.9397869110107422,,,,,,,,,,,,,,
,0.00029638751429081204,28,,,,,,,,,,,,,,,,,,,,,,,,,,,,,,
7,,29,,,,,,,,,0.10105323791503906,,0.10221433639526367,,0.4328988790512085,,1.3381478786468506,,1.8079568147659302,1.6302483081817627,,,,,,,,,,,,
7,,31,,,,,,,,,,,,,,,,,,,0.74849933385849,1.0,1.0,0.943115234375,0.8011474609375,0.71826171875,1.543108344078064,0.061767578125,0.06353759765625,0.46106553077697754,1.2733266353607178,1.707086205482483
7,,31,0.7449530363082886,1.0,1.0,0.9441875219345093,0.8007344007492065,0.713574230670929,1.6376742124557495,0.09682177752256393,,0.09835796803236008,,0.4546869993209839,,1.3379640579223633,,1.816609263420105,,,,,,,,,,,,,,
,0.0002952874741692946,32,,,,,,,,,,,,,,,,,,,,,,,,,,,,,,
8,,34,,,,,,,,,0.060654640197753906,,0.06192374229431152,,0.4404944181442261,,1.2591087818145752,,1.6729445457458496,1.5138211250305176,,,,,,,,,,,,
8,,35,,,,,,,,,,,,,,,,,,,0.7528294324874878,1.0,1.0,0.943115234375,0.8011474609375,0.724029541015625,1.4451701641082764,0.047607421875,0.04901123046875,0.46822893619537354,1.1463658809661865,1.6082043647766113
8,,35,0.7462580800056458,1.0,1.0,0.9441875219345093,0.8019375205039978,0.715011715888977,1.5276726484298706,0.06291894614696503,,0.06285552680492401,,0.4505496323108673,,1.2404900789260864,,1.695397973060608,,,,,,,,,,,,,,
,0.00029404405285154137,36,,,,,,,,,,,,,,,,,,,,,,,,,,,,,,
9,,39,,,,,,,,,0.048880741000175476,,0.046006038784980774,,0.4694381058216095,,1.1169270277023315,,1.5604984760284424,1.403855800628662,,,,,,,,,,,,
9,,39,,,,,,,,,,,,,,,,,,,0.7533105611801147,1.0,1.0,0.943115234375,0.8011474609375,0.72467041015625,1.3769214153289795,0.04248046875,0.04150390625,0.4719657897949219,1.0734713077545166,1.5354223251342773
9,,39,0.7492287755012512,1.0,1.0,0.9441875219345093,0.8011093735694885,0.7191757559776306,1.431042194366455,0.05187304690480232,,0.05006219446659088,,0.4549298882484436,,1.1298199892044067,,1.5943200588226318,,,,,,,,,,,,,,
,0.0002926584774442729,40,,,,,,,,,,,,,,,,,,,,,,,,,,,,,,
10,,43,,,,,,,,,,,,,,,,,,,0.7582821846008301,1.0,1.0,0.943115234375,0.8177490234375,0.727142333984375,1.319896936416626,0.035888671875,0.034027099609375,0.47802478075027466,1.0060920715332031,1.4760725498199463
10,,43,0.7514457106590271,1.0,1.0,0.9441875219345093,0.8059375286102295,0.7209218740463257,1.3635550737380981,0.045812010765075684,,0.04289929196238518,,0.4590171277523041,,1.040926456451416,,1.5265284776687622,,,,,,,,,,,,,,
,0.00029113211534313374,44,,,,,,,,,,,,,,,,,,,,,,,,,,,,,,
11,,44,,,,,,,,,0.040627479553222656,,0.037726402282714844,,0.4986746609210968,,1.0255169868469238,,1.5032989978790283,1.3450086116790771,,,,,,,,,,,,
11,,47,,,,,,,,,,,,,,,,,,,0.7608481645584106,1.0,1.0,0.943115234375,0.81756591796875,0.7306060791015625,1.2802205085754395,0.0302734375,0.02899169921875,0.48261740803718567,0.9870564341545105,1.4277946949005127
11,,47,0.7537389993667603,1.0,1.0,0.9441875219345093,0.8119062781333923,0.7224843502044678,1.31589937210083,0.0376744382083416,,0.03513995185494423,,0.46687009930610657,,0.9960719347000122,,1.4739255905151367,,,,,,,,,,,,,,
,0.0002894664728832376,48,,,,,,,,,,,,,,,,,,,,,,,,,,,,,,
12,,49,,,,,,,,,0.03399085998535156,,0.03156924247741699,,0.4894861578941345,,0.972238302230835,,1.444141149520874,1.2900745868682861,,,,,,,,,,,,
12,,51,,,,,,,,,,,,,,,,,,,0.7640785574913025,1.0,1.0,0.943115234375,0.8201904296875,0.7342529296875,1.23572838306427,0.029296875,0.02752685546875,0.47825148701667786,0.9517655372619629,1.3776521682739258
12,,51,0.7574223279953003,1.0,1.0,0.9441875219345093,0.815109372138977,0.7265898585319519,1.2760231494903564,0.03373413160443306,,0.031183045357465744,,0.47126129269599915,,0.9693649411201477,,1.4272887706756592,,,,,,,,,,,,,,
,0.0002876631938525971,52,,,,,,,,,,,,,,,,,,,,,,,,,,,,,,
13,,54,,,,,,,,,0.03393220901489258,,0.029770731925964355,,0.40874603390693665,,0.9289214611053467,,1.3706374168395996,1.2229533195495605,,,,,,,,,,,,
13,,55,,,,,,,,,,,,,,,,,,,0.7673891186714172,1.0,1.0,0.943115234375,0.82196044921875,0.73822021484375,1.2005614042282104,0.0303955078125,0.026702880859375,0.46744033694267273,0.926668107509613,1.3377673625946045
13,,55,0.7600733041763306,1.0,1.0,0.9441875219345093,0.8159843683242798,0.7299023270606995,1.2360543012619019,0.033778686076402664,,0.030020354315638542,,0.46525827050209045,,0.9425902366638184,,1.3811358213424683,,,,,,,,,,,,,,
,0.0002857240578699029,56,,,,,,,,,,,,,,,,,,,,,,,,,,,,,,
14,,59,,,,,,,,,0.03477425500750542,,0.02874729596078396,,0.4677543342113495,,0.9135772585868835,,1.3240419626235962,1.187851905822754,,,,,,,,,,,,
14,,59,,,,,,,,,,,,,,,,,,,0.766381025314331,1.0,1.0,0.943115234375,0.82061767578125,0.737213134765625,1.1693181991577148,0.0302734375,0.026153564453125,0.4512726664543152,0.9065083861351013,1.302209734916687
14,,59,0.7631584405899048,1.0,1.0,0.9441875219345093,0.8174062371253967,0.7336562275886536,1.1978703737258911,0.034169189631938934,,0.029034392908215523,,0.4527547359466553,,0.918797492980957,,1.3370170593261719,,,,,,,,,,,,,,
,0.00028365097862825513,60,,,,,,,,,,,,,,,,,,,,,,,,,,,,,,
15,,63,,,,,,,,,,,,,,,,,,,0.7675036787986755,1.0,1.0,0.943115234375,0.82080078125,0.7386627197265625,1.1407475471496582,0.0322265625,0.02728271484375,0.427406907081604,0.8904085159301758,1.2696442604064941
15,,63,0.765131950378418,1.0,1.0,0.9441875219345093,0.8190624713897705,0.7358710765838623,1.1641615629196167,0.03595580905675888,,0.029811585322022438,,0.43436211347579956,,0.8982851505279541,,1.2983742952346802,,,,,,,,,,,,,,
,0.0002814460020065795,64,,,,,,,,,,,,,,,,,,,,,,,,,,,,,,
16,,64,,,,,,,,,0.03677797317504883,,0.03039371967315674,,0.4375569820404053,,0.8863880634307861,,1.2766287326812744,1.14576256275177,,,,,,,,,,,,
16,,67,,,,,,,,,,,,,,,,,,,0.7676984071731567,1.0,1.0,0.943115234375,0.819091796875,0.739349365234375,1.114498496055603,0.03173828125,0.027435302734375,0.40043842792510986,0.874458909034729,1.2403520345687866
16,,67,0.7653636336326599,1.0,1.0,0.9441875219345093,0.8192499876022339,0.736132800579071,1.1336266994476318,0.03695361316204071,,0.030432861298322678,,0.411776065826416,,0.8772232532501221,,1.26436448097229,,,,,,,,,,,,,,
,0.0002791113040505915,68,,,,,,,,,,,,,,,,,,,,,,,,,,,,,,
17,,69,,,,,,,,,0.03677797317504883,,0.03037726879119873,,0.38919052481651306,,0.8687838315963745,,1.2447118759155273,1.1162279844284058,,,,,,,,,,,,
17,,71,,,,,,,,,,,,,,,,,,,0.7676640152931213,1.0,1.0,0.943115234375,0.819091796875,0.7393035888671875,1.0895651578903198,0.03076171875,0.026397705078125,0.3656907081604004,0.8557689189910889,1.2140042781829834
17,,71,0.7659618854522705,1.0,1.0,0.9441875219345093,0.8205937743186951,0.7365937232971191,1.1046339273452759,0.03631323203444481,,0.030214324593544006,,0.38351646065711975,,0.856653094291687,,1.232659935951233,,,,,,,,,,,,,,
,0.00027664918882530225,72,,,,,,,,,,,,,,,,,,,,,,,,,,,,,,
18,,74,,,,,,,,,0.034445762634277344,,0.029381394386291504,,0.3575468361377716,,0.8383300304412842,,1.2012598514556885,1.0763882398605347,,,,,,,,,,,,
18,,75,,,,,,,,,,,,,,,,,,,0.766930878162384,1.0,1.0,0.943115234375,0.81988525390625,0.738128662109375,1.066656470298767,0.02978515625,0.025848388671875,0.3436652421951294,0.8408617973327637,1.1886050701141357
18,,75,0.7665308117866516,1.0,1.0,0.9441875219345093,0.8205312490463257,0.7373672127723694,1.0800689458847046,0.03475695848464966,,0.02955956943333149,,0.35666826367378235,,0.8392106890678406,,1.205993413925171,,,,,,,,,,,,,,
,0.00027406208614118424,76,,,,,,,,,,,,,,,,,,,,,,,,,,,,,,
19,,79,,,,,,,,,0.03112003766000271,,0.025843389332294464,,0.3386874496936798,,0.8126060366630554,,1.1539971828460693,1.035142421722412,,,,,,,,,,,,
19,,79,,,,,,,,,,,,,,,,,,,0.7675724029541016,1.0,1.0,0.943115234375,0.82196044921875,0.73846435546875,1.0491137504577637,0.0250244140625,0.020965576171875,0.32460010051727295,0.8287478685379028,1.1695524454116821
19,,79,0.7666275501251221,1.0,1.0,0.9441875219345093,0.8210468888282776,0.7373672127723694,1.059230923652649,0.03292883187532425,,0.02777227759361267,,0.3453097641468048,,0.8225076198577881,,1.1831574440002441,,,,,,,,,,,,,,
,0.0002713525491562421,80,,,,,,,,,,,,,,,,,,,,,,,,,,,,,,
20,,83,,,,,,,,,,,,,,,,,,,0.7675609588623047,1.0,1.0,0.943115234375,0.82025146484375,0.7388763427734375,1.0323975086212158,0.019287109375,0.016082763671875,0.3103650212287903,0.8167301416397095,1.1512787342071533
20,,83,0.7672492861747742,1.0,1.0,0.9441875219345093,0.8211874961853027,0.7381601333618164,1.0398284196853638,0.026384277269244194,,0.02147773653268814,,0.3281533718109131,,0.8094915747642517,,1.1617627143859863,,,,,,,,,,,,,,
,0.00026852325185635354,84,,,,,,,,,,,,,,,,,,,,,,,,,,,,,,
21,,84,,,,,,,,,0.023247241973876953,,0.0183447003364563,,0.31684136390686035,,0.7972979545593262,,1.1486796140670776,1.0271410942077637,,,,,,,,,,,,
21,,87,,,,,,,,,,,,,,,,,,,0.768843948841095,1.0,1.0,0.943115234375,0.819580078125,0.740753173828125,1.0181790590286255,0.01708984375,0.013580322265625,0.30034589767456055,0.8094230890274048,1.1348400115966797
21,,87,0.7671290040016174,1.0,1.0,0.9441875219345093,0.8208593726158142,0.7380820512771606,1.0231274366378784,0.02189355529844761,,0.017166534438729286,,0.31602269411087036,,0.7973306775093079,,1.143399953842163,,,,,,,,,,,,,,
,0.0002655769864163684,88,,,,,,,,,,,,,,,,,,,,,,,,,,,,,,
22,,89,,,,,,,,,0.01950383186340332,,0.015060603618621826,,0.3181841969490051,,0.7925940752029419,,1.1360102891921997,1.0167604684829712,,,,,,,,,,,,
22,,91,,,,,,,,,,,,,,,,,,,0.7679045796394348,1.0,1.0,0.943115234375,0.8199462890625,0.739410400390625,1.0056241750717163,0.01513671875,0.012115478515625,0.2915008068084717,0.7991562485694885,1.1212666034698486
22,,91,0.7678533792495728,1.0,1.0,0.9441875219345093,0.8207656145095825,0.7390702962875366,1.0078245401382446,0.019232971593737602,,0.014923217706382275,,0.3068952262401581,,0.787494957447052,,1.1260907649993896,,,,,,,,,,,,,,
,0.00026251666044456895,92,,,,,,,,,,,,,,,,,,,,,,,,,,,,,,
23,,94,,,,,,,,,0.017230749130249023,,0.013358592987060547,,0.29601073265075684,,0.7840445041656494,,1.133683681488037,1.0123422145843506,,,,,,,,,,,,
23,,95,,,,,,,,,,,,,,,,,,,0.7667590975761414,1.0,1.0,0.943115234375,0.8204345703125,0.737762451171875,1.0157254934310913,0.0133056640625,0.0105743408203125,0.289168119430542,0.7979128956794739,1.1352096796035767
23,,95,0.766909122467041,1.0,1.0,0.9441875219345093,0.8205937743186951,0.7378554940223694,1.0029228925704956,0.017217345535755157,,0.013341918587684631,,0.30491313338279724,,0.7810760140419006,,1.121322751045227,,,,,,,,,,,,,,
,0.0002593452941132118,96,,,,,,,,,,,,,,,,,,,,,,,,,,,,,,
24,,99,,,,,,,,,0.015338766388595104,,0.011888766661286354,,0.31327447295188904,,0.7706412672996521,,1.101198673248291,0.9862263202667236,,,,,,,,,,,,
24,,99,,,,,,,,,,,,,,,,,,,0.7683971524238586,1.0,1.0,0.943115234375,0.822998046875,0.7393035888671875,0.996455729007721,0.01177978515625,0.0097503662109375,0.2882072925567627,0.7902687191963196,1.1115317344665527
24,,99,0.7664369344711304,1.0,1.0,0.9441875219345093,0.8200312256813049,0.7373672127723694,0.9957030415534973,0.01577569544315338,,0.012130065821111202,,0.302340030670166,,0.7744892239570618,,1.1135377883911133,,,,,,,,,,,,,,
,0.0002560660171779822,100,,,,,,,,,,,,,,,,,,,,,,,,,,,,,,
25,,103,,,,,,,,,,,,,,,,,,,0.7703216671943665,1.0,1.0,0.943115234375,0.822265625,0.7420501708984375,0.9798999428749084,0.0118408203125,0.0095062255859375,0.28366392850875854,0.7795897722244263,1.0924360752105713
25,,103,0.7671759128570557,1.0,1.0,0.9441875219345093,0.8200937509536743,0.7383359670639038,0.984421968460083,0.014387878589332104,,0.011064575053751469,,0.29773780703544617,,0.7693857550621033,,1.1000967025756836,,,,,,,,,,,,,,
,0.00025268206588930335,104,,,,,,,,,,,,,,,,,,,,,,,,,,,,,,
26,,104,,,,,,,,,0.014285087585449219,,0.010970771312713623,,0.27740517258644104,,0.7641579508781433,,1.0878853797912598,0.9733179807662964,,,,,,,,,,,,
26,,107,,,,,,,,,,,,,,,,,,,0.7683513760566711,1.0,1.0,0.943115234375,0.820068359375,0.7399749755859375,0.9778364300727844,0.01190185546875,0.009490966796875,0.28174442052841187,0.7772314548492432,1.0903970003128052
26,,107,0.768651008605957,1.0,1.0,0.9441875219345093,0.8213124871253967,0.739996075630188,0.9725372791290283,0.014014465734362602,,0.010749977082014084,,0.2933306097984314,,0.76253342628479,,1.0862607955932617,,,,,,,,,,,,,,
,0.0002491967797985478,108,,,,,,,,,,,,,,,,,,,,,,,,,,,,,,
27,,109,,,,,,,,,0.013629436492919922,,0.010480672121047974,,0.28542202711105347,,0.753819465637207,,1.0744578838348389,0.9616656303405762,,,,,,,,,,,,
27,,111,,,,,,,,,,,,,,,,,,,0.7709631323814392,1.0,1.0,0.943115234375,0.82177734375,0.7430267333984375,0.9668757319450378,0.0103759765625,0.0084381103515625,0.28059637546539307,0.7711217999458313,1.077418565750122
27,,111,0.7687184810638428,1.0,1.0,0.9441875219345093,0.8213750123977661,0.7400702834129333,0.9652842879295349,0.013443970121443272,,0.010339019820094109,,0.29189127683639526,,0.7575313448905945,,1.0779486894607544,,,,,,,,,,,,,,
,0.0002456135984623035,112,,,,,,,,,,,,,,,,,,,,,,,,,,,,,,
28,,114,,,,,,,,,0.012373685836791992,,0.009413212537765503,,0.2806856036186218,,0.753340482711792,,1.0707647800445557,0.9585647583007812,,,,,,,,,,,,
28,,115,,,,,,,,,,,,,,,,,,,0.7690845131874084,1.0,1.0,0.943115234375,0.8232421875,0.7401580810546875,0.962225079536438,0.00958251953125,0.00769805908203125,0.2812310457229614,0.767785906791687,1.0720326900482178
28,,115,0.7696656584739685,1.0,1.0,0.9441249966621399,0.820687472820282,0.7415078282356262,0.9573343396186829,0.012524413876235485,,0.009578895755112171,,0.2873687446117401,,0.7520223259925842,,1.0690345764160156,,,,,,,,,,,,,,
,0.00024193605804794655,116,,,,,,,,,,,,,,,,,,,,,,,,,,,,,,
29,,119,,,,,,,,,0.011061569675803185,,0.008160623721778393,,0.28265315294265747,,0.7445480227470398,,1.0473449230194092,0.9394062161445618,,,,,,,,,,,,
29,,119,,,,,,,,,,,,,,,,,,,0.7701612710952759,1.0,1.0,0.943115234375,0.8245849609375,0.7412567138671875,0.9599721431732178,0.00830078125,0.00672149658203125,0.28056979179382324,0.7649458646774292,1.0698033571243286
29,,119,0.7710175514221191,1.0,1.0,0.9441875219345093,0.8214374780654907,0.7431172132492065,0.9492072463035583,0.011311889626085758,,0.008541205897927284,,0.28405871987342834,,0.7472816109657288,,1.059622049331665,,,,,,,,,,,,,,
,0.00023816778784387105,120,,,,,,,,,,,,,,,,,,,,,,,,,,,,,,
30,,123,,,,,,,,,,,,,,,,,,,0.7712152004241943,1.0,1.0,0.943115234375,0.82244873046875,0.743194580078125,0.9499081969261169,0.007781982421875,0.0062255859375,0.27882957458496094,0.7600242495536804,1.0577468872070312
30,,123,0.7709383964538574,1.0,1.0,0.9441875219345093,0.8209999799728394,0.7431210875511169,0.943432092666626,0.010339569300413132,,0.007789695635437965,,0.2817952334880829,,0.7433199286460876,,1.0530766248703003,,,,,,,,,,,,,,
,0.00023431250667781966,124,,,,,,,,,,,,,,,,,,,,,,,,,,,,,,
31,,124,,,,,,,,,0.009764790534973145,,0.007217586040496826,,0.2839334011077881,,0.7423436641693115,,1.0522328615188599,0.9427072405815125,,,,,,,,,,,,
31,,127,,,,,,,,,,,,,,,,,,,0.7742279171943665,1.0,1.0,0.943115234375,0.824951171875,0.74658203125,0.9431775212287903,0.00677490234375,0.005401611328125,0.27766555547714233,0.7556387186050415,1.0499672889709473
31,,127,0.7727184295654297,1.0,1.0,0.9441249966621399,0.8221562504768372,0.7452070116996765,0.9350408911705017,0.00943017564713955,,0.006971260067075491,,0.27844879031181335,,0.7382081747055054,,1.043402910232544,,,,,,,,,,,,,,
,0.00023037401924684952,128,,,,,,,,,,,,,,,,,,,,,,,,,,,,,,
32,,129,,,,,,,,,0.0084151029586792,,0.006237536668777466,,0.2698168158531189,,0.7193403244018555,,1.01839017868042,0.9123052954673767,,,,,,,,,,,,
32,,131,,,,,,,,,,,,,,,,,,,0.7764846086502075,1.0,1.0,0.943115234375,0.82562255859375,0.749420166015625,0.9331110119819641,0.006317138671875,0.0050048828125,0.27507489919662476,0.7504744529724121,1.0380194187164307
32,,131,0.7743343710899353,1.0,1.0,0.9441875219345093,0.8219375014305115,0.7474101781845093,0.9275615215301514,0.008330993354320526,,0.006161659024655819,,0.27789443731307983,,0.7347666025161743,,1.0343520641326904,,,,,,,,,,,,,,
,0.00022635621236255572,132,,,,,,,,,,,,,,,,,,,,,,,,,,,,,,
33,,134,,,,,,,,,0.007455945014953613,,0.005456119775772095,,0.2807738184928894,,0.7324243187904358,,1.0327985286712646,0.9260798692703247,,,,,,,,,,,,
33,,135,,,,,,,,,,,,,,,,,,,0.7769313454627991,1.0,1.0,0.943115234375,0.82342529296875,0.7505645751953125,0.9272094964981079,0.0059814453125,0.00460052490234375,0.27320730686187744,0.7465013861656189,1.031275987625122
33,,135,0.7756950259208679,1.0,1.0,0.9442499876022339,0.8218281269073486,0.7492461204528809,0.9201943874359131,0.007575103547424078,,0.005559616256505251,,0.27456140518188477,,0.7295434474945068,,1.026065468788147,,,,,,,,,,,,,,
,0.00022226305111525731,136,,,,,,,,,,,,,,,,,,,,,,,,,,,,,,
34,,139,,,,,,,,,0.006869875360280275,,0.005006412044167519,,0.27201521396636963,,0.720992386341095,,1.0075652599334717,0.9045729041099548,,,,,,,,,,,,
34,,139,,,,,,,,,,,,,,,,,,,0.778294563293457,1.0,1.0,0.943115234375,0.82470703125,0.7520599365234375,0.9245092868804932,0.005645751953125,0.00421142578125,0.2736549377441406,0.7474885582923889,1.0274118185043335
34,,139,0.7769501209259033,1.0,1.0,0.9441875219345093,0.8225625157356262,0.750738263130188,0.9158375263214111,0.007116790860891342,,0.005174530204385519,,0.27556994557380676,,0.7270265817642212,,1.0208357572555542,,,,,,,,,,,,,,
,0.00021809857496093204,140,,,,,,,,,,,,,,,,,,,,,,,,,,,,,,
35,,143,,,,,,,,,,,,,,,,,,,0.7793484330177307,1.0,1.0,0.943115234375,0.82696533203125,0.752899169921875,0.9160650372505188,0.005340576171875,0.004047393798828125,0.27279043197631836,0.7405675649642944,1.0179518461227417
35,,143,0.7784340381622314,1.0,1.0,0.9441875219345093,0.8233593702316284,0.7525156140327454,0.9085094332695007,0.006746490485966206,,0.004839393775910139,,0.2730560302734375,,0.7221419215202332,,1.0124595165252686,,,,,,,,,,,,,,
,0.00021386689373476092,144,,,,,,,,,,,,,,,,,,,,,,,,,,,,,,
36,,144,,,,,,,,,0.006617069244384766,,0.0047182440757751465,,0.26926612854003906,,0.71590256690979,,1.003517746925354,0.9004459381103516,,,,,,,,,,,,
36,,147,,,,,,,,,,,,,,,,,,,0.7807230353355408,1.0,1.0,0.943115234375,0.82586669921875,0.7550048828125,0.908797562122345,0.00506591796875,0.00384521484375,0.2701801061630249,0.735649824142456,1.0096681118011475
36,,147,0.7800703644752502,1.0,1.0,0.9441875219345093,0.8239843845367432,0.7545390725135803,0.9013978838920593,0.006437439005821943,,0.0045922850258648396,,0.2725149095058441,,0.7186846733093262,,1.0038899183273315,,,,,,,,,,,,,,
,0.00020957218359521712,148,,,,,,,,,,,,,,,,,,,,,,,,,,,,,,
37,,149,,,,,,,,,0.0061757564544677734,,0.004383683204650879,,0.25677868723869324,,0.7181241512298584,,1.0038981437683105,0.900557279586792,,,,,,,,,,,,
37,,151,,,,,,,,,,,,,,,,,,,0.7823955416679382,1.0,1.0,0.943115234375,0.8258056640625,0.7572479248046875,0.9010121822357178,0.004730224609375,0.003574371337890625,0.26967740058898926,0.7305828332901001,1.0006015300750732
37,,151,0.7812404632568359,1.0,1.0,0.9441875219345093,0.8237812519073486,0.7561484575271606,0.8940547704696655,0.00624246196821332,,0.004395454190671444,,0.2700478732585907,,0.7153492569923401,,0.9951004981994629,,,,,,,,,,,,,,
,0.00020521868290270177,152,,,,,,,,,,,,,,,,,,,,,,,,,,,,,,
38,,154,,,,,,,,,0.005899548530578613,,0.004070058465003967,,0.2611168622970581,,0.7063013911247253,,0.9765297174453735,0.8779910802841187,,,,,,,,,,,,
38,,155,,,,,,,,,,,,,,,,,,,0.7837586998939514,1.0,1.0,0.943115234375,0.827392578125,0.7586669921875,0.8969544172286987,0.00433349609375,0.00330352783203125,0.2690006494522095,0.7269353270530701,0.9961563944816589
38,,155,0.7832962274551392,1.0,1.0,0.9441875219345093,0.8257187604904175,0.7584023475646973,0.8860875368118286,0.005951080471277237,,0.0040825651958584785,,0.2685495913028717,,0.709155261516571,,0.9861361980438232,,,,,,,,,,,,,,
,0.00020081068803679377,156,,,,,,,,,,,,,,,,,,,,,,,,,,,,,,
39,,159,,,,,,,,,0.005466724280267954,,0.0036452391650527716,,0.2709857225418091,,0.7048596143722534,,0.9786896705627441,0.8797987699508667,,,,,,,,,,,,
39,,159,,,,,,,,,,,,,,,,,,,0.7839648723602295,1.0,1.0,0.943115234375,0.82855224609375,0.7586517333984375,0.890959620475769,0.0042724609375,0.00299835205078125,0.2698236107826233,0.7228895425796509,0.9891361594200134
39,,159,0.7841730117797852,1.0,1.0,0.9441875219345093,0.8275625109672546,0.759109377861023,0.8789659142494202,0.005598342977464199,,0.0037763442378491163,,0.267741858959198,,0.7030131816864014,,0.978242039680481,,,,,,,,,,,,,,
,0.00019635254915624216,160,,,,,,,,,,,,,,,,,,,,,,,,,,,,,,
40,,163,,,,,,,,,,,,,,,,,,,0.7849615216255188,1.0,1.0,0.943115234375,0.8291015625,0.7598419189453125,0.8839666843414307,0.00396728515625,0.002933502197265625,0.26701629161834717,0.7176566123962402,0.9813072681427002
40,,163,0.7855308055877686,1.0,1.0,0.9442499876022339,0.8290781378746033,0.7605351805686951,0.8722020387649536,0.005360046401619911,,0.003566291881725192,,0.26629847288131714,,0.6981372237205505,,0.9705456495285034,,,,,,,,,,,,,,
,0.00019184866590588444,164,,,,,,,,,,,,,,,,,,,,,,,,,,,,,,
41,,164,,,,,,,,,0.00521010160446167,,0.0034568309783935547,,0.25408411026000977,,0.693952739238739,,0.9571108818054199,0.8607559204101562,,,,,,,,,,,,
41,,167,,,,,,,,,,,,,,,,,,,0.7855800986289978,1.0,1.0,0.943115234375,0.828125,0.7609100341796875,0.8779408931732178,0.00396728515625,0.002780914306640625,0.2660257816314697,0.7120498418807983,0.9747466444969177
41,,167,0.786595344543457,1.0,1.0,0.9441875219345093,0.8296093940734863,0.7618241906166077,0.8662228584289551,0.005080123897641897,,0.003369190264493227,,0.26740607619285583,,0.6937233209609985,,0.9636197090148926,,,,,,,,,,,,,,
,0.00018730348307472821,168,,,,,,,,,,,,,,,,,,,,,,,,,,,,,,
42,,169,,,,,,,,,0.004892945289611816,,0.0032217055559158325,,0.2883259654045105,,0.6850568056106567,,0.9671599864959717,0.8682334423065186,,,,,,,,,,,,
42,,171,,,,,,,,,,,,,,,,,,,0.7864392399787903,1.0,1.0,0.943115234375,0.82867431640625,0.7619171142578125,0.8729425072669983,0.0037078857421875,0.002689361572265625,0.26345741748809814,0.7097638845443726,0.9688231945037842
42,,171,0.7871085405349731,1.0,1.0,0.9441249966621399,0.8296562433242798,0.762499988079071,0.859870195388794,0.00498507684096694,,0.0032728728838264942,,0.2651371657848358,,0.6891651749610901,,0.9564409852027893,,,,,,,,,,,,,,
,0.00018272148620948142,172,,,,,,,,,,,,,,,,,,,,,,,,,,,,,,
43,,174,,,,,,,,,0.004887580871582031,,0.0031782761216163635,,0.24299263954162598,,0.6696222424507141,,0.9303539395332336,0.8355774879455566,,,,,,,,,,,,
43,,175,,,,,,,,,,,,,,,,,,,0.7880659103393555,1.0,1.0,0.943115234375,0.8287353515625,0.764068603515625,0.867667019367218,0.0034637451171875,0.002536773681640625,0.26349925994873047,0.7060115337371826,0.9627348184585571
43,,175,0.7888621091842651,1.0,1.0,0.9440624713897705,0.830328106880188,0.7646718621253967,0.8537015318870544,0.0047928160056471825,,0.003164529800415039,,0.26424264907836914,,0.6852074265480042,,0.9492719173431396,,,,,,,,,,,,,,
,0.00017810719718785875,176,,,,,,,,,,,,,,,,,,,,,,,,,,,,,,
44,,179,,,,,,,,,0.00431863171979785,,0.002876314567402005,,0.3065452575683594,,0.6916453838348389,,0.9550337791442871,0.8612155318260193,,,,,,,,,,,,
44,,179,,,,,,,,,,,,,,,,,,,0.7891426682472229,1.0,1.0,0.943115234375,0.8275146484375,0.76580810546875,0.8623074889183044,0.0032196044921875,0.00238037109375,0.2654310464859009,0.7082443237304688,0.9549201726913452
44,,179,0.7898885607719421,1.0,1.0,0.9441875219345093,0.8303124904632568,0.7660351395606995,0.8475750684738159,0.0044881743378937244,,0.003012220375239849,,0.26383742690086365,,0.6823095679283142,,0.9418647289276123,,,,,,,,,,,,,,
,0.00017346516975603468,180,,,,,,,,,,,,,,,,,,,,,,,,,,,,,,
45,,183,,,,,,,,,,,,,,,,,,,0.7913077473640442,1.0,1.0,0.943115234375,0.83099365234375,0.767822265625,0.8563373684883118,0.00323486328125,0.0023956298828125,0.26527249813079834,0.7047910094261169,0.9478407502174377
45,,183,0.7910087704658508,1.0,1.0,0.9441249966621399,0.8309218883514404,0.7673789262771606,0.8409167528152466,0.004410415422171354,,0.002941793529316783,,0.2636224925518036,,0.6786873936653137,,0.933915913105011,,,,,,,,,,,,,,
,0.0001687999850346457,184,,,,,,,,,,,,,,,,,,,,,,,,,,,,,,
46,,184,,,,,,,,,0.004342794418334961,,0.0028843656182289124,,0.23746249079704285,,0.6724271774291992,,0.9200568199157715,0.8281089663505554,,,,,,,,,,,,
46,,187,,,,,,,,,,,,,,,,,,,0.7925907373428345,1.0,1.0,0.943115234375,0.83013916015625,0.769744873046875,0.8494694232940674,0.003021240234375,0.002201080322265625,0.2655113935470581,0.7006595134735107,0.9397141933441162
46,,187,0.7931524515151978,1.0,1.0,0.9441875219345093,0.8324218988418579,0.7698554396629333,0.834505558013916,0.004167419392615557,,0.0027793922927230597,,0.26501575112342834,,0.6749829649925232,,0.9262186288833618,,,,,,,,,,,,,,
,0.00016411624699777717,188,,,,,,,,,,,,,,,,,,,,,,,,,,,,,,
47,,189,,,,,,,,,0.0041048526763916016,,0.0026616454124450684,,0.28265464305877686,,0.6671470999717712,,0.9200230836868286,0.8292098641395569,,,,,,,,,,,,
47,,191,,,,,,,,,,,,,,,,,,,0.7928770780563354,1.0,1.0,0.943115234375,0.83184814453125,0.7696990966796875,0.8453003168106079,0.0030517578125,0.00213623046875,0.26376330852508545,0.698674738407135,0.9347672462463379
47,,191,0.7938739061355591,1.0,1.0,0.9441875219345093,0.8318750262260437,0.7709531188011169,0.8275707960128784,0.004041580017656088,,0.00265477760694921,,0.26187530159950256,,0.672077476978302,,0.9179064035415649,,,,,,,,,,,,,,
,0.00015941857792939706,192,,,,,,,,,,,,,,,,,,,,,,,,,,,,,,
48,,194,,,,,,,,,0.0037883520126342773,,0.002456851303577423,,0.25193268060684204,,0.6712230443954468,,0.9070435762405396,0.8187857866287231,,,,,,,,,,,,
48,,195,,,,,,,,,,,,,,,,,,,0.7951337695121765,1.0,1.0,0.943115234375,0.8311767578125,0.7728729248046875,0.8367088437080383,0.0028839111328125,0.0020084381103515625,0.2632402181625366,0.6957347393035889,0.92409348487854
48,,195,0.7956334352493286,1.0,1.0,0.9440624713897705,0.8327187299728394,0.7730937600135803,0.8212266564369202,0.003867767285555601,,0.0025027866940945387,,0.2623385488986969,,0.6692287921905518,,0.9101419448852539,,,,,,,,,,,,,,
,0.00015471161386171927,196,,,,,,,,,,,,,,,,,,,,,,,,,,,,,,
49,,199,,,,,,,,,0.003703150199726224,,0.0023725854698568583,,0.24163036048412323,,0.6693878173828125,,0.9070244431495667,0.8179423809051514,,,,,,,,,,,,
49,,199,,,,,,,,,,,,,,,,,,,0.7971498966217041,1.0,1.0,0.943115234375,0.831298828125,0.7755279541015625,0.8324999213218689,0.002716064453125,0.001873016357421875,0.26372992992401123,0.6960878372192383,0.9183709621429443
49,,199,0.7973460555076599,1.0,1.0,0.9442499876022339,0.8332968950271606,0.7752187252044678,0.8138945698738098,0.0037822877056896687,,0.0023941630497574806,,0.260132759809494,,0.6665648221969604,,0.9011813402175903,,,,,,,,,,,,,,
,0.00015000000000000001,200,,,,,,,,,,,,,,,,,,,,,,,,,,,,,,
50,,203,,,,,,,,,,,,,,,,,,,0.7984099984169006,1.0,1.0,0.943115234375,0.83099365234375,0.77728271484375,0.8235765099525452,0.0027313232421875,0.001850128173828125,0.26241374015808105,0.6918637752532959,0.907623291015625
50,,203,0.7988533973693848,1.0,1.0,0.9441875219345093,0.8327968716621399,0.7773554921150208,0.8070056438446045,0.003658187808468938,,0.0022942160721868277,,0.2601141333580017,,0.6650537252426147,,0.8923859596252441,,,,,,,,,,,,,,
,0.00014528838613828078,204,,,,,,,,,,,,,,,,,,,,,,,,,,,,,,
51,,204,,,,,,,,,0.003697991371154785,,0.0022589191794395447,,0.28238633275032043,,0.678096354007721,,0.9020252823829651,0.8177347779273987,,,,,,,,,,,,
51,,207,,,,,,,,,,,,,,,,,,,0.8001855611801147,1.0,1.0,0.943115234375,0.832275390625,0.779327392578125,0.8173896074295044,0.0025634765625,0.0017032623291015625,0.26252472400665283,0.6912945508956909,0.8995203971862793
51,,207,0.8012081980705261,1.0,1.0,0.9441875219345093,0.833609402179718,0.7802890539169312,0.799172580242157,0.003605201607570052,,0.0022133293095976114,,0.26092174649238586,,0.6627011299133301,,0.8824913501739502,,,,,,,,,,,,,,
,0.00014058142207060302,208,,,,,,,,,,,,,,,,,,,,,,,,,,,,,,
52,,209,,,,,,,,,0.003415226936340332,,0.0020534321665763855,,0.26103317737579346,,0.6581823825836182,,0.8719763159751892,0.7904333472251892,,,,,,,,,,,,
52,,211,,,,,,,,,,,,,,,,,,,0.8010905385017395,1.0,1.0,0.943115234375,0.831787109375,0.7806549072265625,0.8103049993515015,0.0025787353515625,0.001667022705078125,0.2620506286621094,0.6902512907981873,0.8903744220733643
52,,211,0.8036217093467712,1.0,1.0,0.9441875219345093,0.8339531421661377,0.7834179401397705,0.7916707992553711,0.0034187163691967726,,0.00205286405980587,,0.2590119540691376,,0.6605266332626343,,0.8731648921966553,,,,,,,,,,,,,,
,0.00013588375300222289,212,,,,,,,,,,,,,,,,,,,,,,,,,,,,,,
53,,214,,,,,,,,,0.0033510923385620117,,0.002013467252254486,,0.2524074614048004,,0.6568125486373901,,0.8639434576034546,0.7837403416633606,,,,,,,,,,,,
53,,215,,,,,,,,,,,,,,,,,,,0.8032097816467285,1.0,1.0,0.943115234375,0.83221435546875,0.7833709716796875,0.8029902577400208,0.0024261474609375,0.00162506103515625,0.2621433734893799,0.6888529062271118,0.8809760808944702
53,,215,0.805307924747467,1.0,1.0,0.9441249966621399,0.8334531188011169,0.7857929468154907,0.7832054495811462,0.0034029236994683743,,0.002030359348282218,,0.2609650492668152,,0.6587597727775574,,0.862208902835846,,,,,,,,,,,,,,
,0.0001312000149653544,216,,,,,,,,,,,,,,,,,,,,,,,,,,,,,,
54,,219,,,,,,,,,0.0032111858017742634,,0.001929677790030837,,0.2664357125759125,,0.6619114279747009,,0.863998293876648,0.7853952646255493,,,,,,,,,,,,
54,,219,,,,,,,,,,,,,,,,,,,0.804137647151947,1.0,1.0,0.943115234375,0.83197021484375,0.78466796875,0.7943329811096191,0.0022735595703125,0.0015430450439453125,0.2612205743789673,0.6857567429542542,0.8702778816223145
54,,219,0.8074545860290527,1.0,1.0,0.9441875219345093,0.8336874842643738,0.7885898351669312,0.7751725912094116,0.0032705231569707394,,0.0019453734857961535,,0.26001158356666565,,0.6567681431770325,,0.8520682454109192,,,,,,,,,,,,,,
,0.0001265348302439654,220,,,,,,,,,,,,,,,,,,,,,,,,,,,,,,
55,,223,,,,,,,,,,,,,,,,,,,0.8067494630813599,1.0,1.0,0.943115234375,0.83294677734375,0.78790283203125,0.7875591516494751,0.0023040771484375,0.0015201568603515625,0.2614477872848511,0.6853760480880737,0.8613361716270447
55,,223,0.8097946643829346,1.0,1.0,0.9441875219345093,0.8342812657356262,0.7915586233139038,0.7669565677642822,0.0031374283134937286,,0.0018990574171766639,,0.2605224847793579,,0.6547312140464783,,0.8416026830673218,,,,,,,,,,,,,,
,0.00012189280281214134,224,,,,,,,,,,,,,,,,,,,,,,,,,,,,,,
56,,224,,,,,,,,,0.003088831901550293,,0.0019118338823318481,,0.2531813681125641,,0.6542190313339233,,0.840213418006897,0.7654730081558228,,,,,,,,,,,,
56,,227,,,,,,,,,,,,,,,,,,,0.8074023723602295,1.0,1.0,0.943115234375,0.83221435546875,0.7889556884765625,0.7809856534004211,0.0021514892578125,0.0014181137084960938,0.26251405477523804,0.6840590238571167,0.8528448343276978
56,,227,0.8117272853851318,1.0,1.0,0.9440624713897705,0.8351718783378601,0.7939179539680481,0.7587567567825317,0.0030116501729935408,,0.0018264780519530177,,0.25996676087379456,,0.652878999710083,,0.8311797380447388,,,,,,,,,,,,,,
,0.00011727851379051869,228,,,,,,,,,,,,,,,,,,,,,,,,,,,,,,
57,,229,,,,,,,,,0.002855062484741211,,0.0017254501581192017,,0.24014891684055328,,0.6511670351028442,,0.8240916132926941,0.75218266248703,,,,,,,,,,,,
57,,231,,,,,,,,,,,,,,,,,,,0.8101745843887329,1.0,1.0,0.943115234375,0.83221435546875,0.7926483154296875,0.7731271386146545,0.0020294189453125,0.0013704299926757812,0.26173651218414307,0.6824557781219482,0.8428276777267456
57,,231,0.81385338306427,1.0,1.0,0.9442499876022339,0.8345312476158142,0.7968984246253967,0.7507615685462952,0.0028336485847830772,,0.0017467279685661197,,0.25836309790611267,,0.6514438986778259,,0.8209908604621887,,,,,,,,,,,,,,
,0.0001126965169252718,232,,,,,,,,,,,,,,,,,,,,,,,,,,,,,,
58,,234,,,,,,,,,0.0027196407318115234,,0.0016921423375606537,,0.26959288120269775,,0.6573588848114014,,0.8155802488327026,0.7483357787132263,,,,,,,,,,,,
58,,235,,,,,,,,,,,,,,,,,,,0.8122021555900574,1.0,1.0,0.943115234375,0.83245849609375,0.7952880859375,0.7657322883605957,0.001922607421875,0.0013322830200195312,0.2611602544784546,0.6788194179534912,0.8339236974716187
58,,235,0.8159618973731995,1.0,1.0,0.9441249966621399,0.8346718549728394,0.799679696559906,0.74233078956604,0.002749641425907612,,0.0016866312362253666,,0.25688067078590393,,0.6491613984107971,,0.810425341129303,,,,,,,,,,,,,,
,0.00010815133409411566,236,,,,,,,,,,,,,,,,,,,,,,,,,,,,,,
59,,239,,,,,,,,,0.0024797834921628237,,0.001555660623125732,,0.23689353466033936,,0.6452578902244568,,0.7868807315826416,0.7229823470115662,,,,,,,,,,,,
59,,239,,,,,,,,,,,,,,,,,,,0.8143328428268433,1.0,1.0,0.943115234375,0.83258056640625,0.798095703125,0.7591509819030762,0.001922607421875,0.0012493133544921875,0.26101791858673096,0.6791414618492126,0.8250868320465088
59,,239,0.8179383873939514,1.0,1.0,0.9442499876022339,0.8349843621253967,0.8022265434265137,0.7352293729782104,0.0026471251621842384,,0.0016299285925924778,,0.25993573665618896,,0.6481735706329346,,0.8010232448577881,,,,,,,,,,,,,,
,0.00010364745084375796,240,,,,,,,,,,,,,,,,,,,,,,,,,,,,,,
60,,243,,,,,,,,,,,,,,,,,,,0.8154325485229492,1.0,1.0,0.943115234375,0.83258056640625,0.799560546875,0.7529173493385315,0.00180816650390625,0.0012416839599609375,0.26017242670059204,0.678075909614563,0.8171032071113586
60,,243,0.8193284273147583,1.0,1.0,0.9441875219345093,0.8351874947547913,0.804031252861023,0.7278950214385986,0.0025670623872429132,,0.001542413723655045,,0.25833868980407715,,0.645900309085846,,0.7919235229492188,,,,,,,,,,,,,,
,9.918931196320633e-05,244,,,,,,,,,,,,,,,,,,,,,,,,,,,,,,
61,,244,,,,,,,,,0.002422928810119629,,0.0014872997999191284,,0.24606114625930786,,0.6340809464454651,,0.7785969972610474,0.7150949239730835,,,,,,,,,,,,
61,,247,,,,,,,,,,,,,,,,,,,0.8174486756324768,1.0,1.0,0.943115234375,0.8331298828125,0.8021087646484375,0.7465319633483887,0.00170135498046875,0.0011663436889648438,0.26032453775405884,0.6753333806991577,0.8092753887176514
61,,247,0.8207712173461914,1.0,1.0,0.9440624713897705,0.8349843621253967,0.8060117363929749,0.7212203145027161,0.002426132094115019,,0.0014923048438504338,,0.25863173604011536,,0.6447282433509827,,0.783308744430542,,,,,,,,,,,,,,
,9.478131709729838e-05,248,,,,,,,,,,,,,,,,,,,,,,,,,,,,,,
62,,249,,,,,,,,,0.002340763807296753,,0.001454479992389679,,0.2790473401546478,,0.659145712852478,,0.7936720848083496,0.7326635718345642,,,,,,,,,,,,
62,,251,,,,,,,,,,,,,,,,,,,0.8183994889259338,1.0,1.0,0.943115234375,0.832763671875,0.803466796875,0.7418076395988464,0.00170135498046875,0.0011625289916992188,0.2602705955505371,0.6745153069496155,0.8031904101371765
62,,251,0.8228797316551208,1.0,1.0,0.9441875219345093,0.8362030982971191,0.8085078001022339,0.7140516042709351,0.0023616179823875427,,0.00145042035728693,,0.2583240270614624,,0.6436963081359863,,0.7740378379821777,,,,,,,,,,,,,,
,9.042781640478292e-05,252,,,,,,,,,,,,,,,,,,,,,,,,,,,,,,
63,,254,,,,,,,,,0.0022605955600738525,,0.001397155225276947,,0.2523989677429199,,0.6390466690063477,,0.7633439302444458,0.7048717737197876,,,,,,,,,,,,
63,,255,,,,,,,,,,,,,,,,,,,0.8197168111801147,1.0,1.0,0.943115234375,0.8321533203125,0.8053741455078125,0.7362247705459595,0.0015869140625,0.0010843276977539062,0.26013708114624023,0.6741650104522705,0.7958514094352722
63,,255,0.8239794969558716,1.0,1.0,0.9441249966621399,0.8354687690734863,0.8101601600646973,0.708599865436554,0.0022608719300478697,,0.0013994445325806737,,0.25987428426742554,,0.642626166343689,,0.7669478058815002,,,,,,,,,,,,,,
,8.613310626523913e-05,256,,,,,,,,,,,,,,,,,,,,,,,,,,,,,,
64,,259,,,,,,,,,0.0021680963691323996,,0.0012986783403903246,,0.2687881290912628,,0.6447969675064087,,0.7745033502578735,0.7150962948799133,,,,,,,,,,,,
64,,259,,,,,,,,,,,,,,,,,,,0.8210456371307373,1.0,1.0,0.943115234375,0.8336181640625,0.8067779541015625,0.7316407561302185,0.001495361328125,0.00102996826171875,0.2600090503692627,0.6740938425064087,0.7897723913192749
64,,259,0.8254164457321167,1.0,1.0,0.9441875219345093,0.8360937237739563,0.8119140863418579,0.7027281522750854,0.0021605149377137423,,0.0013341703452169895,,0.2577013671398163,,0.6409994959831238,,0.7596704363822937,,,,,,,,,,,,,,
,8.190142503906802e-05,260,,,,,,,,,,,,,,,,,,,,,,,,,,,,,,
65,,263,,,,,,,,,,,,,,,,,,,0.8219391703605652,1.0,1.0,0.943115234375,0.83319091796875,0.808074951171875,0.7264005541801453,0.001495361328125,0.0010318756103515625,0.2593381404876709,0.6718368530273438,0.783398449420929
65,,263,0.826911985874176,1.0,1.0,0.9440624713897705,0.8366093635559082,0.8137851357460022,0.6967993378639221,0.002095939591526985,,0.0012937955325469375,,0.2568206787109375,,0.6404628753662109,,0.7519630193710327,,,,,,,,,,,,,,
,7.773694888474271e-05,264,,,,,,,,,,,,,,,,,,,,,,,,,,,,,,
66,,264,,,,,,,,,0.00203019380569458,,0.0012621991336345673,,0.2700459659099579,,0.6453765630722046,,0.7596946954727173,0.7041459083557129,,,,,,,,,,,,
66,,267,,,,,,,,,,,,,,,,,,,0.8227524757385254,1.0,1.0,0.943115234375,0.83416748046875,0.8089141845703125,0.7222086191177368,0.00140380859375,0.0009660720825195312,0.2599691152572632,0.6705474853515625,0.7780989408493042
66,,267,0.8278562426567078,1.0,1.0,0.9441249966621399,0.8356562256813049,0.8152773380279541,0.6918125748634338,0.002010612515732646,,0.0012530307285487652,,0.2578076422214508,,0.6385384798049927,,0.7457409501075745,,,,,,,,,,,,,,
,7.364378763744433e-05,268,,,,,,,,,,,,,,,,,,,,,,,,,,,,,,
67,,269,,,,,,,,,0.0019643008708953857,,0.001200556755065918,,0.26493003964424133,,0.6408787965774536,,0.7391945719718933,0.6876706480979919,,,,,,,,,,,,
67,,271,,,,,,,,,,,,,,,,,,,0.823737621307373,1.0,1.0,0.943115234375,0.83343505859375,0.8104095458984375,0.7176318764686584,0.00131988525390625,0.0009374618530273438,0.25995713472366333,0.670364260673523,0.7720499038696289
67,,271,0.8293899893760681,1.0,1.0,0.9441249966621399,0.8368906378746033,0.8170117139816284,0.6873607635498047,0.0019408721709623933,,0.0012028188211843371,,0.2567070424556732,,0.6383901238441467,,0.7399179935455322,,,,,,,,,,,,,,
,6.96259807531505e-05,272,,,,,,,,,,,,,,,,,,,,,,,,,,,,,,
68,,274,,,,,,,,,0.0018790662288665771,,0.001157917082309723,,0.24706901609897614,,0.6333838105201721,,0.7189043760299683,0.6701926589012146,,,,,,,,,,,,
68,,275,,,,,,,,,,,,,,,,,,,0.8247800469398499,1.0,1.0,0.943115234375,0.8338623046875,0.8116912841796875,0.71359783411026,0.00131988525390625,0.00090789794921875,0.2596248984336853,0.6702431440353394,0.7667279243469238
68,,275,0.8306451439857483,1.0,1.0,0.9441875219345093,0.836718738079071,0.818722665309906,0.6825850009918213,0.0018751525785773993,,0.0011556062381714582,,0.2562653124332428,,0.6372358202934265,,0.7338736653327942,,,,,,,,,,,,,,
,6.568749332218042e-05,276,,,,,,,,,,,,,,,,,,,,,,,,,,,,,,
69,,279,,,,,,,,,0.0018048122292384505,,0.00111033592838794,,0.25877752900123596,,0.6348960995674133,,0.7301948070526123,0.6795011758804321,,,,,,,,,,,,
69,,279,,,,,,,,,,,,,,,,,,,0.8248258829116821,1.0,1.0,0.943115234375,0.83282470703125,0.81201171875,0.7094104886054993,0.001312255859375,0.0009031295776367188,0.2589987516403198,0.6687496900558472,0.7615628838539124
69,,279,0.8314193487167358,1.0,1.0,0.9441875219345093,0.8372656106948853,0.8196172118186951,0.6777482628822327,0.0018271865556016564,,0.0011206683702766895,,0.25750213861465454,,0.6360771656036377,,0.7276440858840942,,,,,,,,,,,,,,
,6.183221215612908e-05,280,,,,,,,,,,,,,,,,,,,,,,,,,,,,,,
70,,283,,,,,,,,,,,,,,,,,,,0.82571941614151,1.0,1.0,0.943115234375,0.8323974609375,0.8133087158203125,0.7054871916770935,0.0012359619140625,0.0008611679077148438,0.2589905261993408,0.6673668622970581,0.7566840648651123
70,,283,0.8320263624191284,1.0,1.0,0.9441249966621399,0.836593747138977,0.8205976486206055,0.6739447116851807,0.0017458915244787931,,0.00109383394010365,,0.25704342126846313,,0.6353200674057007,,0.7227962613105774,,,,,,,,,,,,,,
,5.806394195205354e-05,284,,,,,,,,,,,,,,,,,,,,,,,,,,,,,,
71,,284,,,,,,,,,0.001726299524307251,,0.0010944902896881104,,0.26741036772727966,,0.6262480020523071,,0.7196337580680847,0.6703542470932007,,,,,,,,,,,,
71,,287,,,,,,,,,,,,,,,,,,,0.8263952732086182,1.0,1.0,0.943115234375,0.83294677734375,0.8140716552734375,0.7019609212875366,0.00115966796875,0.0008449554443359375,0.2594875693321228,0.6666099429130554,0.7521456480026245
71,,287,0.8332169651985168,1.0,1.0,0.9441875219345093,0.8374687433242798,0.8219609260559082,0.6696014404296875,0.0016969528514891863,,0.0010773582616820931,,0.2575538158416748,,0.6341840624809265,,0.717263400554657,,,,,,,,,,,,,,
,5.438640153769656e-05,288,,,,,,,,,,,,,,,,,,,,,,,,,,,,,,
72,,289,,,,,,,,,0.0016190707683563232,,0.0010508373379707336,,0.2446974813938141,,0.6375210285186768,,0.7114380598068237,0.6652505993843079,,,,,,,,,,,,
72,,291,,,,,,,,,,,,,,,,,,,0.8273231387138367,1.0,1.0,0.943115234375,0.833251953125,0.8152313232421875,0.6982969045639038,0.00115203857421875,0.0008287429809570312,0.2593597173690796,0.6662034392356873,0.7473750114440918
72,,291,0.8337302207946777,1.0,1.0,0.9441875219345093,0.8366405963897705,0.8228515386581421,0.6662324070930481,0.0016207504086196423,,0.001036170986481011,,0.25646689534187317,,0.6337690949440002,,0.7129483819007874,,,,,,,,,,,,,,
,5.080322020145227e-05,292,,,,,,,,,,,,,,,,,,,,,,,,,,,,,,
73,,294,,,,,,,,,0.001603633165359497,,0.0010202787816524506,,0.26051968336105347,,0.6233658194541931,,0.703776478767395,0.6575841307640076,,,,,,,,,,,,
73,,295,,,,,,,,,,,,,,,,,,,0.8277813196182251,1.0,1.0,0.943115234375,0.833740234375,0.8157196044921875,0.6958082318305969,0.00115966796875,0.0008039474487304688,0.2588367462158203,0.6662524938583374,0.7440808415412903
73,,295,0.8346832990646362,1.0,1.0,0.9441875219345093,0.8376718759536743,0.8238632678985596,0.6623352766036987,0.0015858764527365565,,0.0010217237286269665,,0.25690537691116333,,0.6319570541381836,,0.7081832885742188,,,,,,,,,,,,,,
,4.731793411069671e-05,296,,,,,,,,,,,,,,,,,,,,,,,,,,,,,,
74,,299,,,,,,,,,0.0014936677180230618,,0.0009819186525419354,,0.2591356933116913,,0.631773829460144,,0.7144946455955505,0.6671429872512817,,,,,,,,,,,,
74,,299,,,,,,,,,,,,,,,,,,,0.8284686803817749,1.0,1.0,0.943115234375,0.83367919921875,0.816650390625,0.6926122903823853,0.0010833740234375,0.0007905960083007812,0.2595973014831543,0.6646851301193237,0.740168571472168
74,,299,0.8356539011001587,1.0,1.0,0.9440624713897705,0.8368750214576721,0.825363278388977,0.6594684720039368,0.0015352859627455473,,0.00099010462872684,,0.25660213828086853,,0.6316825151443481,,0.7044528722763062,,,,,,,,,,,,,,
,4.39339828220179e-05,300,,,,,,,,,,,,,,,,,,,,,,,,,,,,,,
75,,303,,,,,,,,,,,,,,,,,,,0.8287206888198853,1.0,1.0,0.943115234375,0.83367919921875,0.816986083984375,0.690736711025238,0.00107574462890625,0.000762939453125,0.25939446687698364,0.6639354228973389,0.7378707528114319
75,,303,0.836307942867279,1.0,1.0,0.9441875219345093,0.8380468487739563,0.825933575630188,0.6566501259803772,0.0015265541151165962,,0.0009741425747051835,,0.2554629147052765,,0.6319021582603455,,0.7007153034210205,,,,,,,,,,,,,,
,4.065470588678832e-05,304,,,,,,,,,,,,,,,,,,,,,,,,,,,,,,
76,,304,,,,,,,,,0.0014849603176116943,,0.0009586848318576813,,0.2574899196624756,,0.629780650138855,,0.6967984437942505,0.6534062027931213,,,,,,,,,,,,
76,,307,,,,,,,,,,,,,,,,,,,0.8297974467277527,1.0,1.0,0.943115234375,0.83306884765625,0.818572998046875,0.687263011932373,0.0010833740234375,0.0007581710815429688,0.2586543560028076,0.6642786860466003,0.733204185962677
76,,307,0.8364662528038025,1.0,1.0,0.9441875219345093,0.837234377861023,0.8263476490974426,0.6544870734214783,0.0014985542511567473,,0.0009548702510073781,,0.2562390863895416,,0.6312118768692017,,0.6979585289955139,,,,,,,,,,,,,,
,3.7483339555431075e-05,308,,,,,,,,,,,,,,,,,,,,,,,,,,,,,,
77,,309,,,,,,,,,0.0014547407627105713,,0.0009318888187408447,,0.25373655557632446,,0.6175352334976196,,0.6762068271636963,0.6354726552963257,,,,,,,,,,,,
77,,311,,,,,,,,,,,,,,,,,,,0.8300495147705078,1.0,1.0,0.943115234375,0.83380126953125,0.8187255859375,0.6852293014526367,0.00101470947265625,0.0007495880126953125,0.2590501308441162,0.6634534597396851,0.7306771874427795
77,,311,0.8371965289115906,1.0,1.0,0.9441875219345093,0.837109386920929,0.8273515701293945,0.6509121656417847,0.0014357796171680093,,0.000936491007450968,,0.2559494078159332,,0.63006991147995,,0.6935007572174072,,,,,,,,,,,,,,
,3.442301358363164e-05,312,,,,,,,,,,,,,,,,,,,,,,,,,,,,,,
78,,314,,,,,,,,,0.0014656931161880493,,0.0009202510118484497,,0.24224767088890076,,0.6290907859802246,,0.6816647052764893,0.6411996483802795,,,,,,,,,,,,
78,,315,,,,,,,,,,,,,,,,,,,0.830312967300415,1.0,1.0,0.943115234375,0.83404541015625,0.8190155029296875,0.6834189891815186,0.001007080078125,0.0007219314575195312,0.2591623067855835,0.6630939245223999,0.7283490896224976
78,,315,0.8384076356887817,1.0,1.0,0.9441249966621399,0.8373281359672546,0.8289140462875366,0.6481088995933533,0.0014327659737318754,,0.0009196324390359223,,0.25743889808654785,,0.62955641746521,,0.6898022294044495,,,,,,,,,,,,,,
,3.147674814364645e-05,316,,,,,,,,,,,,,,,,,,,,,,,,,,,,,,
79,,319,,,,,,,,,0.0014015395427122712,,0.0009060666197910905,,0.2642771303653717,,0.6289719939231873,,0.6818462014198303,0.6423469185829163,,,,,,,,,,,,
79,,319,,,,,,,,,,,,,,,,,,,0.8311492204666138,1.0,1.0,0.943115234375,0.8345947265625,0.8199920654296875,0.6811189651489258,0.00101470947265625,0.0007352828979492188,0.2586766481399536,0.6624720692634583,0.7254709601402283
79,,319,0.8384604454040527,1.0,1.0,0.9442499876022339,0.8385000228881836,0.828683614730835,0.6463175415992737,0.0013967895647510886,,0.0009020619327202439,,0.25607118010520935,,0.6293556094169617,,0.6875523924827576,,,,,,,,,,,,,,
,2.8647450843757908e-05,320,,,,,,,,,,,,,,,,,,,,,,,,,,,,,,
80,,323,,,,,,,,,,,,,,,,,,,0.8317105174064636,1.0,1.0,0.943115234375,0.8348388671875,0.8206787109375,0.6796592473983765,0.000946044921875,0.0007085800170898438,0.25916922092437744,0.6621191501617432,0.7235846519470215
80,,323,0.8384838700294495,1.0,1.0,0.9441875219345093,0.8372499942779541,0.829031229019165,0.6446071863174438,0.0013794669648632407,,0.000891535310074687,,0.25518524646759033,,0.6293453574180603,,0.6853322982788086,,,,,,,,,,,,,,
,2.5937913858815748e-05,324,,,,,,,,,,,,,,,,,,,,,,,,,,,,,,
81,,324,,,,,,,,,0.0013614296913146973,,0.0008813310414552689,,0.2596054673194885,,0.6310641765594482,,0.6738653182983398,0.6365284323692322,,,,,,,,,,,,
81,,327,,,,,,,,,,,,,,,,,,,0.8317219614982605,1.0,1.0,0.943115234375,0.8336181640625,0.8209991455078125,0.6777838468551636,0.000946044921875,0.0007076263427734375,0.2589603662490845,0.662106454372406,0.7211028337478638
81,,327,0.8393079042434692,1.0,1.0,0.9441875219345093,0.8374843597412109,0.8300703167915344,0.6426602005958557,0.0013544273097068071,,0.0008830928709357977,,0.2552281618118286,,0.6289224624633789,,0.682841956615448,,,,,,,,,,,,,,
,2.3350811174697777e-05,328,,,,,,,,,,,,,,,,,,,,,,,,,,,,,,
82,,329,,,,,,,,,0.0013389885425567627,,0.0008775219321250916,,0.262714684009552,,0.635999858379364,,0.6845495104789734,0.6456215381622314,,,,,,,,,,,,
82,,331,,,,,,,,,,,,,,,,,,,0.8323519825935364,1.0,1.0,0.943115234375,0.8343505859375,0.8216552734375,0.676547646522522,0.000942230224609375,0.000705718994140625,0.25850701332092285,0.6615281701087952,0.719629168510437
82,,331,0.8395425081253052,1.0,1.0,0.9441875219345093,0.8380937576293945,0.8302304744720459,0.6406638622283936,0.0013296852121129632,,0.0008752617868594825,,0.25561201572418213,,0.6276023387908936,,0.6804891228675842,,,,,,,,,,,,,,
,2.088869594940844e-05,332,,,,,,,,,,,,,,,,,,,,,,,,,,,,,,
83,,334,,,,,,,,,0.0012898147106170654,,0.0008590631186962128,,0.2664293348789215,,0.6279522180557251,,0.6762057542800903,0.6380211710929871,,,,,,,,,,,,
83,,335,,,,,,,,,,,,,,,,,,,0.8330163955688477,1.0,1.0,0.943115234375,0.83465576171875,0.8224639892578125,0.674980878829956,0.000942230224609375,0.000698089599609375,0.25899624824523926,0.6607937216758728,0.7176953554153442
83,,335,0.8398621678352356,1.0,1.0,0.9441249966621399,0.8384062647819519,0.8305820226669312,0.6395147442817688,0.0013087692204862833,,0.0008641366730444133,,0.2550334930419922,,0.627397894859314,,0.6790459156036377,,,,,,,,,,,,,,
,1.8553997993420465e-05,336,,,,,,,,,,,,,,,,,,,,,,,,,,,,,,
84,,339,,,,,,,,,0.0012900911970064044,,0.000844236055854708,,0.25008073449134827,,0.6325736045837402,,0.677022397518158,0.6387343406677246,,,,,,,,,,,,
84,,339,,,,,,,,,,,,,,,,,,,0.8330622315406799,1.0,1.0,0.943115234375,0.8349609375,0.82244873046875,0.6739717721939087,0.000942230224609375,0.0006952285766601562,0.2588181495666504,0.6611373424530029,0.7162764668464661
84,,339,0.8400821685791016,1.0,1.0,0.9441875219345093,0.8383906483650208,0.8308749794960022,0.638494610786438,0.0012938384898006916,,0.0008551192004233599,,0.25492292642593384,,0.6279666423797607,,0.6775520443916321,,,,,,,,,,,,,,
,1.6349021371744834e-05,340,,,,,,,,,,,,,,,,,,,,,,,,,,,,,,
85,,343,,,,,,,,,,,,,,,,,,,0.833268404006958,1.0,1.0,0.943115234375,0.8345947265625,0.82281494140625,0.6731679439544678,0.000885009765625,0.000659942626953125,0.2590940594673157,0.6609252691268921,0.715242326259613
85,,343,0.840351939201355,1.0,1.0,0.9441875219345093,0.8377344012260437,0.8313984274864197,0.6377488374710083,0.0012905693147331476,,0.0008442268590442836,,0.2557302415370941,,0.6276857852935791,,0.6765785813331604,,,,,,,,,,,,,,
,1.4275942130097098e-05,344,,,,,,,,,,,,,,,,,,,,,,,,,,,,,,
86,,344,,,,,,,,,0.001245066523551941,,0.0008375626057386398,,0.2605433464050293,,0.6247453689575195,,0.6766007542610168,0.6374392509460449,,,,,,,,,,,,
86,,347,,,,,,,,,,,,,,,,,,,0.8334402441978455,1.0,1.0,0.943115234375,0.83441162109375,0.823089599609375,0.6719590425491333,0.000885009765625,0.000659942626953125,0.2586340308189392,0.660729169845581,0.7137097716331482
86,,347,0.8405073285102844,1.0,1.0,0.9441875219345093,0.8377500176429749,0.8316015601158142,0.6361532211303711,0.0012611312558874488,,0.0008292307611554861,,0.2554764151573181,,0.6275615096092224,,0.6745003461837769,,,,,,,,,,,,,,
,1.2336806147402864e-05,348,,,,,,,,,,,,,,,,,,,,,,,,,,,,,,
87,,349,,,,,,,,,0.001239776611328125,,0.0008324570953845978,,0.2539781928062439,,0.6265584230422974,,0.6811992526054382,0.6409236192703247,,,,,,,,,,,,
87,,351,,,,,,,,,,,,,,,,,,,0.8339786529541016,1.0,1.0,0.943115234375,0.83551025390625,0.8235321044921875,0.6710271239280701,0.000885009765625,0.0006608963012695312,0.25880545377731323,0.6606849431991577,0.7124687433242798
87,,351,0.8410850763320923,1.0,1.0,0.9441875219345093,0.8382499814033508,0.8322460651397705,0.6349925994873047,0.0012509040534496307,,0.0008274636347778141,,0.25418558716773987,,0.626775324344635,,0.6732317209243774,,,,,,,,,,,,,,
,1.0533527116762298e-05,352,,,,,,,,,,,,,,,,,,,,,,,,,,,,,,
88,,354,,,,,,,,,0.001248091459274292,,0.0008127354085445404,,0.2622531056404114,,0.6308501958847046,,0.6742842197418213,0.6369258761405945,,,,,,,,,,,,
88,,355,,,,,,,,,,,,,,,,,,,0.834219217300415,1.0,1.0,0.943115234375,0.83563232421875,0.823822021484375,0.6703705191612244,0.000885009765625,0.000659942626953125,0.25857508182525635,0.660449743270874,0.7116672992706299
88,,355,0.8412961363792419,1.0,1.0,0.9441249966621399,0.838546872138977,0.8324570059776306,0.6338782906532288,0.0012567901285365224,,0.0008164501050487161,,0.25351235270500183,,0.6261393427848816,,0.6719485521316528,,,,,,,,,,,,,,
,8.867884656866183e-06,356,,,,,,,,,,,,,,,,,,,,,,,,,,,,,,
89,,359,,,,,,,,,0.001250513712875545,,0.0008261676412075758,,0.24795112013816833,,0.6280679106712341,,0.6772821545600891,0.6379834413528442,,,,,,,,,,,,
89,,359,,,,,,,,,,,,,,,,,,,0.8340702652931213,1.0,1.0,0.943115234375,0.83477783203125,0.8238372802734375,0.669812023639679,0.000885009765625,0.000659942626953125,0.2587042450904846,0.6602938175201416,0.7109543085098267
89,,359,0.8409677147865295,1.0,1.0,0.9441875219345093,0.8378280997276306,0.8321953415870667,0.634037435054779,0.0012534026755020022,,0.0008230004459619522,,0.25584647059440613,,0.626173198223114,,0.6720061898231506,,,,,,,,,,,,,,
,7.341522555726971e-06,360,,,,,,,,,,,,,,,,,,,,,,,,,,,,,,
90,,363,,,,,,,,,,,,,,,,,,,0.8345170617103577,1.0,1.0,0.943115234375,0.835693359375,0.8242034912109375,0.6693127155303955,0.000885009765625,0.000659942626953125,0.25872713327407837,0.660132884979248,0.7103280425071716
90,,363,0.8413284420967102,1.0,1.0,0.9441875219345093,0.838937520980835,0.8323984146118164,0.6328973174095154,0.0012418861733749509,,0.0008166856714524329,,0.2557983100414276,,0.6257825493812561,,0.6705883741378784,,,,,,,,,,,,,,
,5.955947148458557e-06,364,,,,,,,,,,,,,,,,,,,,,,,,,,,,,,
91,,364,,,,,,,,,0.001260712742805481,,0.0008202977478504181,,0.26712608337402344,,0.6388531923294067,,0.6804799437522888,0.6433079838752747,,,,,,,,,,,,
91,,367,,,,,,,,,,,,,,,,,,,0.8343566656112671,1.0,1.0,0.943115234375,0.8345947265625,0.8242645263671875,0.6688827872276306,0.000885009765625,0.000659942626953125,0.2587125897407532,0.6601853966712952,0.7097431421279907
91,,367,0.8414633274078369,1.0,1.0,0.9441249966621399,0.838265597820282,0.8327500224113464,0.6320794224739075,0.0012434349628165364,,0.0008165244944393635,,0.2547779381275177,,0.6260192394256592,,0.6695035696029663,,,,,,,,,,,,,,
,4.712525830705355e-06,368,,,,,,,,,,,,,,,,,,,,,,,,,,,,,,
92,,369,,,,,,,,,0.0012415051460266113,,0.000823337584733963,,0.2657408118247986,,0.6263104677200317,,0.6788306832313538,0.6396507620811462,,,,,,,,,,,,
92,,371,,,,,,,,,,,,,,,,,,,0.8343566656112671,1.0,1.0,0.943115234375,0.834716796875,0.8242340087890625,0.6685826182365417,0.000885009765625,0.000659942626953125,0.2589189410209656,0.6599358916282654,0.709392786026001
92,,371,0.8414047360420227,1.0,1.0,0.9441249966621399,0.8382187485694885,0.8326836228370667,0.6320154070854187,0.0012314796913415194,,0.0008174552931450307,,0.2543600797653198,,0.6256104111671448,,0.6695464849472046,,,,,,,,,,,,,,
,3.612485709187901e-06,372,,,,,,,,,,,,,,,,,,,,,,,,,,,,,,
93,,374,,,,,,,,,0.0012581795454025269,,0.0008194893598556519,,0.2331150770187378,,0.631661593914032,,0.6772723197937012,0.6379543542861938,,,,,,,,,,,,
93,,375,,,,,,,,,,,,,,,,,,,0.8342535495758057,1.0,1.0,0.943115234375,0.8345947265625,0.824127197265625,0.6684150695800781,0.000885009765625,0.000659942626953125,0.2587357759475708,0.659879207611084,0.7091951966285706
93,,375,0.8416832089424133,1.0,1.0,0.9441875219345093,0.8385156393051147,0.8329765796661377,0.631615400314331,0.0012454185634851456,,0.0008106136228889227,,0.2555510699748993,,0.6262911558151245,,0.6687692999839783,,,,,,,,,,,,,,
,2.6569123906966916e-06,376,,,,,,,,,,,,,,,,,,,,,,,,,,,,,,
94,,379,,,,,,,,,0.0012266224948689342,,0.0008125448948703706,,0.2672642767429352,,0.6197432279586792,,0.6643871665000916,0.627646267414093,,,,,,,,,,,,
94,,379,,,,,,,,,,,,,,,,,,,0.8345857858657837,1.0,1.0,0.943115234375,0.8355712890625,0.8243255615234375,0.6681950092315674,0.000885009765625,0.0006527900695800781,0.25875574350357056,0.6598460674285889,0.708909273147583
94,,379,0.8417478203773499,1.0,1.0,0.9441875219345093,0.8379374742507935,0.8332070112228394,0.6311721205711365,0.0012379036052152514,,0.0008054609061218798,,0.2560310363769531,,0.6259424090385437,,0.6682360172271729,,,,,,,,,,,,,,
,1.8467489107293509e-06,380,,,,,,,,,,,,,,,,,,,,,,,,,,,,,,
95,,383,,,,,,,,,,,,,,,,,,,0.8345972299575806,1.0,1.0,0.943115234375,0.8355712890625,0.8243408203125,0.6680247187614441,0.000885009765625,0.000659942626953125,0.2586525082588196,0.6598633527755737,0.7086844444274902
95,,383,0.842096745967865,1.0,1.0,0.9441875219345093,0.8387656211853027,0.8334648609161377,0.6312596797943115,0.0012414284283295274,,0.0008075532969087362,,0.25546541810035706,,0.625235378742218,,0.6685646772384644,,,,,,,,,,,,,,
,1.1827948028283352e-06,384,,,,,,,,,,,,,,,,,,,,,,,,,,,,,,
96,,384,,,,,,,,,0.0012250840663909912,,0.0008103456348180771,,0.2739828824996948,,0.6287642121315002,,0.6729792952537537,0.6361050009727478,,,,,,,,,,,,
96,,387,,,,,,,,,,,,,,,,,,,0.8344139456748962,1.0,1.0,0.943115234375,0.834716796875,0.824310302734375,0.6679511070251465,0.000885009765625,0.0006518363952636719,0.258928120136261,0.6599023342132568,0.708559513092041
96,,387,0.8416510224342346,1.0,1.0,0.9441249966621399,0.8379531502723694,0.833078145980835,0.6314182281494141,0.0012333145132288337,,0.0008071222109720111,,0.2544853687286377,,0.6256343722343445,,0.6687373518943787,,,,,,,,,,,,,,
,6.657053095380005e-07,388,,,,,,,,,,,,,,,,,,,,,,,,,,,,,,
97,,389,,,,,,,,,0.001223549246788025,,0.0008079763501882553,,0.2663832902908325,,0.6354086399078369,,0.6720266342163086,0.6362802386283875,,,,,,,,,,,,
97,,391,,,,,,,,,,,,,,,,,,,0.8344139456748962,1.0,1.0,0.943115234375,0.83453369140625,0.8243560791015625,0.667870283126831,0.000885009765625,0.0006589889526367188,0.2587628960609436,0.6599429249763489,0.7084519863128662
97,,391,0.8418446183204651,1.0,1.0,0.9441875219345093,0.8384218811988831,0.8332148194313049,0.6312310099601746,0.001226524356752634,,0.0008029032032936811,,0.2557152509689331,,0.6258676052093506,,0.6683530211448669,,,,,,,,,,,,,,
,2.9599073575926616e-07,392,,,,,,,,,,,,,,,,,,,,,,,,,,,,,,
98,,394,,,,,,,,,0.0012137740850448608,,0.0008078720420598984,,0.24296876788139343,,0.6311578750610352,,0.6643600463867188,0.6286281943321228,,,,,,,,,,,,
98,,395,,,,,,,,,,,,,,,,,,,0.8344597816467285,1.0,1.0,0.943115234375,0.834716796875,0.824371337890625,0.6678722500801086,0.000885009765625,0.000659942626953125,0.2588246464729309,0.6599865555763245,0.708439826965332
98,,395,0.8417713046073914,1.0,1.0,0.9441875219345093,0.837515652179718,0.8333437442779541,0.6312492489814758,0.0012179069453850389,,0.0008073640055954456,,0.2566598057746887,,0.6269177794456482,,0.6680556535720825,,,,,,,,,,,,,,
,7.401594514025999e-08,396,,,,,,,,,,,,,,,,,,,,,,,,,,,,,,
99,,399,,,,,,,,,0.0012212457368150353,,0.0008110198541544378,,0.2535216510295868,,0.6262176632881165,,0.6639935970306396,0.6279211044311523,,,,,,,,,,,,
99,,399,,,,,,,,,,,,,,,,,,,0.834368109703064,1.0,1.0,0.943115234375,0.83453369140625,0.8242950439453125,0.667862594127655,0.000885009765625,0.0006589889526367188,0.2588101029396057,0.6599787473678589,0.7084298133850098
99,,399,0.8419795036315918,1.0,1.0,0.9441249966621399,0.8385624885559082,0.8333632946014404,0.6309200525283813,0.001226280233822763,,0.0008090491173788905,,0.2557425796985626,,0.625292181968689,,0.6680808067321777,,,,,,,,,,,,,,
