epoch,lr-AdamW,step,train/acc,train/acc_s0_1,train/acc_s1_2,train/acc_s2_4,train/acc_s3_8,train/acc_s4_16,train/acc_s5_32,train/loss_epoch,train/loss_s0_1_epoch,train/loss_s0_1_step,train/loss_s1_2_epoch,train/loss_s1_2_step,train/loss_s2_4_epoch,train/loss_s2_4_step,train/loss_s3_8_epoch,train/loss_s3_8_step,train/loss_s4_16_epoch,train/loss_s4_16_step,train/loss_s5_32_epoch,train/loss_s5_32_step,train/loss_step,val/acc,val/acc_s0_1,val/acc_s1_2,val/acc_s2_4,val/acc_s3_8,val/acc_s4_16,val/acc_s5_32,val/loss,val/loss_s0_1,val/loss_s1_2,val/loss_s2_4,val/loss_s3_8,val/loss_s4_16,val/loss_s5_32
,0.0003,0,,,,,,,,,,,,,,,,,,,,,,,,,,,,,,,,,,,
0,,9,,,,,,,,,,0.35615381598472595,,0.2110438346862793,,0.5551214218139648,,0.9179737567901611,,1.0115567445755005,,1.1517152786254883,1.1041374206542969,,,,,,,,,,,,,,
0,,15,,,,,,,,,,,,,,,,,,,,,,0.7743303179740906,1.0,1.0,0.925537109375,0.8212890625,0.7922515869140625,0.7634506225585938,1.0763126611709595,0.21099945902824402,0.1794928014278412,0.4560035169124603,0.9009925723075867,0.9798978567123413,1.125414490699768
0,,15,0.7234731912612915,0.9269999861717224,0.9477499723434448,0.8598750233650208,0.7500312328338623,0.7413125038146973,0.7141474485397339,1.2680429220199585,0.7771410942077637,,0.464876651763916,,0.774549663066864,,1.1900254487991333,,1.1955376863479614,,1.3023730516433716,,,,,,,,,,,,,,,,
,0.0002999259840548597,16,,,,,,,,,,,,,,,,,,,,,,,,,,,,,,,,,,,
1,,19,,,,,,,,,,0.26738208532333374,,0.22012144327163696,,0.5344061851501465,,0.9083557724952698,,0.9915358424186707,,1.14054274559021,1.0912688970565796,,,,,,,,,,,,,,
1,,29,,,,,,,,,,0.18868760764598846,,0.1297021210193634,,0.4907417893409729,,0.8362550735473633,,0.9012413024902344,,1.0791314840316772,1.0240498781204224,,,,,,,,,,,,,,
1,,31,,,,,,,,,,,,,,,,,,,,,,0.775080144405365,1.0,1.0,0.925537109375,0.8212890625,0.7962493896484375,0.7634506225585938,0.9837929010391235,0.1740080565214157,0.0954209715127945,0.4174473285675049,0.788785457611084,0.8450472354888916,1.043777346611023
1,,31,0.7734923362731934,1.0,1.0,0.9211875200271606,0.8209999799728394,0.791742205619812,0.7625468969345093,1.0564388036727905,0.2247983068227768,,0.1743440479040146,,0.4733681380748749,,0.8727071285247803,,0.9489834308624268,,1.108154058456421,,,,,,,,,,,,,,,,
,0.0002997040092642407,32,,,,,,,,,,,,,,,,,,,,,,,,,,,,,,,,,,,
2,,39,,,,,,,,,,0.137489914894104,,0.049113526940345764,,0.4547739624977112,,0.665404736995697,,0.7457847595214844,,1.0042811632156372,0.9300373792648315,,,,,,,,,,,,,,
2,,47,,,,,,,,,,,,,,,,,,,,,,0.7828640341758728,1.0,1.0,0.925537109375,0.8531494140625,0.8203582763671875,0.76580810546875,0.8261151909828186,0.12460487335920334,0.03516566380858421,0.39649802446365356,0.5054103136062622,0.63656085729599,0.9040353298187256
2,,47,0.7785385251045227,1.0,1.0,0.9211875200271606,0.8355312347412109,0.8137343525886536,0.7628672122955322,0.9201110005378723,0.1532706916332245,,0.05748901516199112,,0.46125027537345886,,0.6444395184516907,,0.7364023327827454,,0.9945558905601501,,,,,,,,,,,,,,,,
,0.000299334294690462,48,,,,,,,,,,,,,,,,,,,,,,,,,,,,,,,,,,,
3,,49,,,,,,,,,,0.12405448406934738,,0.03207007050514221,,0.446855366230011,,0.4838477075099945,,0.6229375600814819,,0.8777963519096375,0.8034459948539734,,,,,,,,,,,,,,
3,,59,,,,,,,,,,0.10116966813802719,,0.02399049885571003,,0.4259234070777893,,0.48921528458595276,,0.590381920337677,,0.750115692615509,0.7015222907066345,,,,,,,,,,,,,,
3,,63,,,,,,,,,,,,,,,,,,,,,,0.8074118494987488,1.0,1.0,0.925537109375,0.85137939453125,0.82708740234375,0.7969589233398438,0.6649589538574219,0.06254090368747711,0.01633245125412941,0.3597719073295593,0.4825705289840698,0.5804434418678284,0.7053776979446411
3,,63,0.7967692613601685,1.0,1.0,0.9211875200271606,0.8574687242507935,0.8278788924217224,0.7822617292404175,0.7485103607177734,0.10660018771886826,,0.026050077751278877,,0.4175940454006195,,0.4917174279689789,,0.6087691783905029,,0.8081148862838745,,,,,,,,,,,,,,,,
,0.0002988172051971717,64,,,,,,,,,,,,,,,,,,,,,,,,,,,,,,,,,,,
4,,69,,,,,,,,,,0.06616107374429703,,0.019540641456842422,,0.4855045676231384,,0.49649402499198914,,0.6218866109848022,,0.7535145878791809,0.7109816670417786,,,,,,,,,,,,,,
4,,79,,,,,,,,,,0.06624121963977814,,0.020363038405776024,,0.3655567169189453,,0.4299166798591614,,0.5503555536270142,,0.6504344940185547,0.6157122254371643,,,,,,,,,,,,,,
4,,79,,,,,,,,,,,,,,,,,,,,,,0.8133642673492432,1.0,1.0,0.925537109375,0.8626708984375,0.8296966552734375,0.8035354614257812,0.6176052093505859,0.04653998464345932,0.015721458941698074,0.3379955291748047,0.4491725564002991,0.5536642074584961,0.6513951420783997
4,,79,0.8101149797439575,1.0,1.0,0.9211875200271606,0.8620468974113464,0.8303672075271606,0.7991435527801514,0.6503389477729797,0.06925693154335022,,0.02113630622625351,,0.388161301612854,,0.4642929136753082,,0.5724249482154846,,0.6885671615600586,,,,,,,,,,,,,,,,
,0.00029815325108927063,80,,,,,,,,,,,,,,,,,,,,,,,,,,,,,,,,,,,
5,,89,,,,,,,,,,0.05206470936536789,,0.014163676649332047,,0.3766823410987854,,0.4334265887737274,,0.5499643087387085,,0.6419561505317688,0.6095449924468994,,,,,,,,,,,,,,
5,,95,,,,,,,,,,,,,,,,,,,,,,0.8177741765975952,1.0,1.0,0.925537109375,0.86395263671875,0.8307952880859375,0.8090591430664062,0.5917158722877502,0.02995578944683075,0.007898245006799698,0.31579816341400146,0.4369143843650818,0.5332299470901489,0.6231527328491211
5,,95,0.8142455220222473,1.0,1.0,0.9210625290870667,0.8652187585830688,0.8329882621765137,0.8037978410720825,0.6094925403594971,0.051223646849393845,,0.014923054724931717,,0.36337941884994507,,0.4394533932209015,,0.5456066131591797,,0.6428046226501465,,,,,,,,,,,,,,,,
,0.00029734308760930326,96,,,,,,,,,,,,,,,,,,,,,,,,,,,,,,,,,,,
6,,99,,,,,,,,,,0.034903451800346375,,0.008016185835003853,,0.32493501901626587,,0.42894819378852844,,0.5450553894042969,,0.6369034051895142,0.6039867401123047,,,,,,,,,,,,,,
6,,109,,,,,,,,,,0.0360943078994751,,0.007439431734383106,,0.3560484051704407,,0.4213789105415344,,0.5241698026657104,,0.6179680824279785,0.5858737230300903,,,,,,,,,,,,,,
6,,111,,,,,,,,,,,,,,,,,,,,,,0.8189960718154907,1.0,1.0,0.925537109375,0.86761474609375,0.831695556640625,0.8102340698242188,0.5738143920898438,0.02954002469778061,0.006401638500392437,0.30213266611099243,0.4247959852218628,0.5236020088195801,0.602674126625061
6,,111,0.8163597583770752,1.0,1.0,0.9211875200271606,0.865890622138977,0.834847629070282,0.8061074018478394,0.5889368057250977,0.037608593702316284,,0.008063753135502338,,0.3404730558395386,,0.4249177873134613,,0.5287888646125793,,0.62091463804245,,,,,,,,,,,,,,,,
,0.00029638751429081204,112,,,,,,,,,,,,,,,,,,,,,,,,,,,,,,,,,,,
7,,119,,,,,,,,,,0.03351428359746933,,0.0061541032046079636,,0.3514831066131592,,0.4104574918746948,,0.5261477828025818,,0.6028537750244141,0.574334979057312,,,,,,,,,,,,,,
7,,127,,,,,,,,,,,,,,,,,,,,,,0.8246107697486877,1.0,1.0,0.925537109375,0.871337890625,0.8357086181640625,0.8164825439453125,0.5549994111061096,0.01850823312997818,0.0037499279715120792,0.29265204071998596,0.4181370139122009,0.5087199211120605,0.5818995237350464
7,,127,0.8197948336601257,1.0,1.0,0.9211875200271606,0.8675000071525574,0.8364999890327454,0.8101728558540344,0.5706814527511597,0.03692782670259476,,0.006427555810660124,,0.3296501338481903,,0.4162653684616089,,0.5166871547698975,,0.600322425365448,,,,,,,,,,,,,,,,
,0.0002952874741692946,128,,,,,,,,,,,,,,,,,,,,,,,,,,,,,,,,,,,
8,,129,,,,,,,,,,0.028787706047296524,,0.004755307454615831,,0.3291463851928711,,0.43421149253845215,,0.5180909037590027,,0.5966649055480957,0.5690255165100098,,,,,,,,,,,,,,
8,,139,,,,,,,,,,0.040056012570858,,0.005094075575470924,,0.35116755962371826,,0.39971065521240234,,0.5021876692771912,,0.567750096321106,0.5430012941360474,,,,,,,,,,,,,,
8,,143,,,,,,,,,,,,,,,,,,,,,,0.8339600563049316,1.0,1.0,0.925537109375,0.87322998046875,0.8424224853515625,0.8271484375,0.5283750295639038,0.018331395462155342,0.00301526952534914,0.29158657789230347,0.40684816241264343,0.49423885345458984,0.5507546067237854
8,,143,0.8262864947319031,1.0,1.0,0.9211249947547913,0.8712031245231628,0.8403945565223694,0.8176220655441284,0.5486545562744141,0.03134143352508545,,0.004647068213671446,,0.3238680362701416,,0.40602073073387146,,0.502666175365448,,0.5752086639404297,,,,,,,,,,,,,,,,
,0.00029404405285154137,144,,,,,,,,,,,,,,,,,,,,,,,,,,,,,,,,,,,
9,,149,,,,,,,,,,0.022758185863494873,,0.0034289066679775715,,0.35028111934661865,,0.4066053330898285,,0.4771016836166382,,0.5336344242095947,0.5129988193511963,,,,,,,,,,,,,,
9,,159,,,,,,,,,,0.018143299967050552,,0.003540514502674341,,0.357515424489975,,0.4095231890678406,,0.49032288789749146,,0.5379176139831543,0.5189101099967957,,,,,,,,,,,,,,
9,,159,,,,,,,,,,,,,,,,,,,,,,0.8338713645935059,1.0,1.0,0.925537109375,0.87847900390625,0.8443145751953125,0.8262290954589844,0.5164917707443237,0.010492517612874508,0.0028491776902228594,0.2807212173938751,0.3954218924045563,0.47633326053619385,0.5402827262878418
9,,159,0.8358293175697327,1.0,1.0,0.9211249947547913,0.8765937685966492,0.8465351462364197,0.8284707069396973,0.5192822217941284,0.023441482335329056,,0.0036386537831276655,,0.3207535147666931,,0.3956427276134491,,0.4861685633659363,,0.5408885478973389,,,,,,,,,,,,,,,,
,0.0002926584774442729,160,,,,,,,,,,,,,,,,,,,,,,,,,,,,,,,,,,,
10,,169,,,,,,,,,,0.017203927040100098,,0.00392979197204113,,0.3141201138496399,,0.39323127269744873,,0.47080814838409424,,0.5207198262214661,0.5010766386985779,,,,,,,,,,,,,,
10,,175,,,,,,,,,,,,,,,,,,,,,,0.8424965739250183,1.0,1.0,0.925537109375,0.8824462890625,0.852783203125,0.8353614807128906,0.4885059595108032,0.008080647327005863,0.002571028657257557,0.2822171747684479,0.3888500928878784,0.4511317312717438,0.5096685886383057
10,,175,0.8417465090751648,1.0,1.0,0.9208750128746033,0.8813906311988831,0.8529297113418579,0.834463894367218,0.4984361231327057,0.015799371525645256,,0.0037760797422379255,,0.31755486130714417,,0.3873692452907562,,0.4654916822910309,,0.5188438296318054,,,,,,,,,,,,,,,,
,0.00029113211534313374,176,,,,,,,,,,,,,,,,,,,,,,,,,,,,,,,,,,,
11,,179,,,,,,,,,,0.012354797683656216,,0.002968174871057272,,0.34355270862579346,,0.3787662386894226,,0.4517725706100464,,0.5043781995773315,0.4849078357219696,,,,,,,,,,,,,,
11,,189,,,,,,,,,,0.009811438620090485,,0.002619341015815735,,0.29742419719696045,,0.3703639805316925,,0.43146979808807373,,0.4870002269744873,0.46712595224380493,,,,,,,,,,,,,,
11,,191,,,,,,,,,,,,,,,,,,,,,,0.8469465374946594,1.0,1.0,0.925537109375,0.88397216796875,0.8591156005859375,0.8396148681640625,0.471080482006073,0.004452909342944622,0.0016111258883029222,0.27756261825561523,0.3841139078140259,0.4289959669113159,0.4923502802848816
11,,191,0.8488279581069946,1.0,1.0,0.9204375147819519,0.8866875171661377,0.8611523509025574,0.8415234088897705,0.471932053565979,0.011656353250145912,,0.0029514990746974945,,0.3153449296951294,,0.3732835352420807,,0.4365987181663513,,0.491659015417099,,,,,,,,,,,,,,,,
,0.0002894664728832376,192,,,,,,,,,,,,,,,,,,,,,,,,,,,,,,,,,,,
12,,199,,,,,,,,,,0.009175794199109077,,0.0026720482856035233,,0.2634594738483429,,0.3597870469093323,,0.40150612592697144,,0.4614556133747101,0.4414488673210144,,,,,,,,,,,,,,
12,,207,,,,,,,,,,,,,,,,,,,,,,0.8524610996246338,1.0,1.0,0.925537109375,0.88446044921875,0.8633270263671875,0.8458824157714844,0.4494935870170593,0.003867291146889329,0.0015021627768874168,0.279754102230072,0.3672856390476227,0.4065553545951843,0.4702034592628479
12,,207,0.8534806370735168,1.0,1.0,0.9210000038146973,0.8889999985694885,0.8665781021118164,0.8462158441543579,0.4507262110710144,0.008133637718856335,,0.002368292538449168,,0.31174343824386597,,0.36362433433532715,,0.40921780467033386,,0.47090238332748413,,,,,,,,,,,,,,,,
,0.0002876631938525971,208,,,,,,,,,,,,,,,,,,,,,,,,,,,,,,,,,,,
13,,209,,,,,,,,,,0.0073892176151275635,,0.0020903917029500008,,0.28102654218673706,,0.35076165199279785,,0.37709999084472656,,0.43163320422172546,0.4142790734767914,,,,,,,,,,,,,,
13,,219,,,,,,,,,,0.0053556859493255615,,0.0016789522487670183,,0.32341861724853516,,0.3543337285518646,,0.3961073160171509,,0.45991989970207214,0.43972572684288025,,,,,,,,,,,,,,
13,,223,,,,,,,,,,,,,,,,,,,,,,0.8570369482040405,1.0,1.0,0.925537109375,0.88238525390625,0.8666839599609375,0.8512725830078125,0.4358767867088318,0.0032144326251000166,0.0012637112522497773,0.280825674533844,0.3728971779346466,0.39086341857910156,0.4556092321872711
13,,223,0.8587275147438049,1.0,1.0,0.9211875200271606,0.8904687762260437,0.8722187280654907,0.8517050743103027,0.4300883710384369,0.006552298553287983,,0.0019051218405365944,,0.31419530510902405,,0.3528538942337036,,0.386773020029068,,0.4496414363384247,,,,,,,,,,,,,,,,
,0.0002857240578699029,224,,,,,,,,,,,,,,,,,,,,,,,,,,,,,,,,,,,
14,,229,,,,,,,,,,0.006465261802077293,,0.0018064894247800112,,0.3200535178184509,,0.35326117277145386,,0.38417819142341614,,0.45113277435302734,0.4308079481124878,,,,,,,,,,,,,,
14,,239,,,,,,,,,,0.005849839653819799,,0.0016605528071522713,,0.29042014479637146,,0.3337382376194,,0.36372238397598267,,0.4156598448753357,0.3990967869758606,,,,,,,,,,,,,,
14,,239,,,,,,,,,,,,,,,,,,,,,,0.8604652881622314,1.0,1.0,0.925537109375,0.88555908203125,0.872161865234375,0.8542747497558594,0.420790433883667,0.003580589545890689,0.0011853137984871864,0.27744024991989136,0.3633493185043335,0.3756503462791443,0.43995189666748047
14,,239,0.8620819449424744,1.0,1.0,0.9210000038146973,0.8917499780654907,0.8759335875511169,0.8551709055900574,0.41609013080596924,0.006178812123835087,,0.001724216970615089,,0.31070977449417114,,0.3472522497177124,,0.3713221848011017,,0.435249924659729,,,,,,,,,,,,,,,,
,0.00028365097862825513,240,,,,,,,,,,,,,,,,,,,,,,,,,,,,,,,,,,,
15,,249,,,,,,,,,,0.007394079118967056,,0.001815154915675521,,0.31764960289001465,,0.3371950685977936,,0.3462013006210327,,0.4116109609603882,0.39325618743896484,,,,,,,,,,,,,,
15,,255,,,,,,,,,,,,,,,,,,,,,,0.86439448595047,1.0,1.0,0.925537109375,0.8878173828125,0.8765106201171875,0.8582839965820312,0.4072708785533905,0.003524403553456068,0.001130096148699522,0.2731013894081116,0.3529008626937866,0.36179471015930176,0.4261152446269989
15,,255,0.86586594581604,1.0,1.0,0.9211875200271606,0.8924219012260437,0.8793749809265137,0.8593095541000366,0.4024953842163086,0.006221570074558258,,0.0016243524150922894,,0.30822432041168213,,0.3401942849159241,,0.3576575219631195,,0.42102447152137756,,,,,,,,,,,,,,,,
,0.0002814460020065795,256,,,,,,,,,,,,,,,,,,,,,,,,,,,,,,,,,,,
16,,259,,,,,,,,,,0.006040946114808321,,0.0014109804760664701,,0.3074250817298889,,0.31928589940071106,,0.3484824001789093,,0.40928786993026733,0.3909795582294464,,,,,,,,,,,,,,
16,,269,,,,,,,,,,0.0074694035574793816,,0.0015646186657249928,,0.3252766728401184,,0.32901930809020996,,0.34313321113586426,,0.40689900517463684,0.3888513743877411,,,,,,,,,,,,,,
16,,271,,,,,,,,,,,,,,,,,,,,,,0.8661115169525146,1.0,1.0,0.925537109375,0.88592529296875,0.88006591796875,0.85980224609375,0.3995741009712219,0.004523283801972866,0.0012039407156407833,0.2751729190349579,0.3487919867038727,0.3523072898387909,0.41845041513442993
16,,271,0.8698036074638367,1.0,1.0,0.9211875200271606,0.8952031135559082,0.8832578063011169,0.8634140491485596,0.38920414447784424,0.0064047896303236485,,0.001500363927334547,,0.3071967661380768,,0.33349695801734924,,0.34495800733566284,,0.4069170355796814,,,,,,,,,,,,,,,,
,0.0002791113040505915,272,,,,,,,,,,,,,,,,,,,,,,,,,,,,,,,,,,,
17,,279,,,,,,,,,,0.007949362508952618,,0.0018107378855347633,,0.29829782247543335,,0.3349565267562866,,0.31831055879592896,,0.37863534688949585,0.3629562556743622,,,,,,,,,,,,,,
17,,287,,,,,,,,,,,,,,,,,,,,,,0.8723328709602356,1.0,1.0,0.925537109375,0.88494873046875,0.8831787109375,0.8673782348632812,0.38035985827445984,0.004504295997321606,0.0011379822390154004,0.27230387926101685,0.3503013551235199,0.33823782205581665,0.39630576968193054
17,,287,0.8738248944282532,1.0,1.0,0.9211249947547913,0.8945000171661377,0.8864921927452087,0.8680107593536377,0.37586766481399536,0.007600630633533001,,0.001662559574469924,,0.30506861209869385,,0.33090993762016296,,0.33397579193115234,,0.39207813143730164,,,,,,,,,,,,,,,,
,0.00027664918882530225,288,,,,,,,,,,,,,,,,,,,,,,,,,,,,,,,,,,,
18,,289,,,,,,,,,,0.008833780884742737,,0.0018580140313133597,,0.29121774435043335,,0.31399965286254883,,0.31722137331962585,,0.37683844566345215,0.3603391945362091,,,,,,,,,,,,,,
18,,299,,,,,,,,,,0.007975557819008827,,0.001442737178876996,,0.30044233798980713,,0.3307318389415741,,0.30304408073425293,,0.35950785875320435,0.3455699682235718,,,,,,,,,,,,,,
18,,303,,,,,,,,,,,,,,,,,,,,,,0.8761103749275208,1.0,1.0,0.925537109375,0.88818359375,0.888214111328125,0.8709526062011719,0.3697364926338196,0.00506238080561161,0.0010114962933585048,0.27399390935897827,0.3452925384044647,0.3295711874961853,0.3845980167388916
18,,303,0.8776630163192749,1.0,1.0,0.9210625290870667,0.8945156335830688,0.8900585770606995,0.8722353577613831,0.36298319697380066,0.007769536692649126,,0.0015066709602251649,,0.3056313395500183,,0.327805757522583,,0.3228161036968231,,0.3778785765171051,,,,,,,,,,,,,,,,
,0.00027406208614118424,304,,,,,,,,,,,,,,,,,,,,,,,,,,,,,,,,,,,
19,,309,,,,,,,,,,0.00721313338726759,,0.0011625373736023903,,0.3033469617366791,,0.3249044418334961,,0.3205145001411438,,0.37292584776878357,0.3586718738079071,,,,,,,,,,,,,,
19,,319,,,,,,,,,,0.006973915733397007,,0.0008894132333807647,,0.2934202551841736,,0.3260487914085388,,0.2983066141605377,,0.3533691465854645,0.3397720754146576,,,,,,,,,,,,,,
19,,319,,,,,,,,,,,,,,,,,,,,,,0.8796531558036804,1.0,1.0,0.925537109375,0.8870849609375,0.8905029296875,0.8751716613769531,0.35901564359664917,0.004002299625426531,0.0006144638755358756,0.27312442660331726,0.34484028816223145,0.3215276002883911,0.3723623752593994
19,,319,0.8810029625892639,1.0,1.0,0.9210625290870667,0.8956093788146973,0.8928359150886536,0.875924825668335,0.3519647717475891,0.008078989572823048,,0.0013074451126158237,,0.30460992455482483,,0.32338353991508484,,0.3139154314994812,,0.36570897698402405,,,,,,,,,,,,,,,,
,0.0002713525491562421,320,,,,,,,,,,,,,,,,,,,,,,,,,,,,,,,,,,,
20,,329,,,,,,,,,,0.006843450479209423,,0.0008454283233731985,,0.29339927434921265,,0.31563600897789,,0.30005547404289246,,0.3414310812950134,0.33065563440322876,,,,,,,,,,,,,,
20,,335,,,,,,,,,,,,,,,,,,,,,,0.8816936016082764,1.0,1.0,0.925537109375,0.88330078125,0.8938751220703125,0.8772850036621094,0.35222774744033813,0.004614419303834438,0.0005861085373908281,0.27393797039985657,0.34328532218933105,0.31443554162979126,0.36517104506492615
20,,335,0.8843098878860474,1.0,1.0,0.9211875200271606,0.8957812786102295,0.8955859541893005,0.879632830619812,0.34144577383995056,0.007469450123608112,,0.000956560717895627,,0.29996776580810547,,0.32030439376831055,,0.30576229095458984,,0.3539922833442688,,,,,,,,,,,,,,,,
,0.00026852325185635354,336,,,,,,,,,,,,,,,,,,,,,,,,,,,,,,,,,,,
21,,339,,,,,,,,,,0.009846827015280724,,0.0009980902541428804,,0.32259076833724976,,0.31727898120880127,,0.2936636507511139,,0.3411874771118164,0.32969599962234497,,,,,,,,,,,,,,
21,,349,,,,,,,,,,0.007586964406073093,,0.0008668486843816936,,0.281130850315094,,0.3223819136619568,,0.28581908345222473,,0.3231436014175415,0.3144398033618927,,,,,,,,,,,,,,
21,,351,,,,,,,,,,,,,,,,,,,,,,0.8852506875991821,1.0,1.0,0.925537109375,0.8853759765625,0.894927978515625,0.8816337585449219,0.34096217155456543,0.00360398949123919,0.000507150893099606,0.2729834020137787,0.34225982427597046,0.3079325556755066,0.351859986782074
21,,351,0.8874204754829407,1.0,1.0,0.9211875200271606,0.8956249952316284,0.8979257941246033,0.8832041025161743,0.3308980464935303,0.0073294322937726974,,0.0008646654314361513,,0.30051887035369873,,0.31714558601379395,,0.2978963255882263,,0.34208789467811584,,,,,,,,,,,,,,,,
,0.0002655769864163684,352,,,,,,,,,,,,,,,,,,,,,,,,,,,,,,,,,,,
22,,359,,,,,,,,,,0.005003550089895725,,0.0006243291427381337,,0.3180074691772461,,0.3089916706085205,,0.3033924698829651,,0.348488450050354,0.3365507125854492,,,,,,,,,,,,,,
22,,367,,,,,,,,,,,,,,,,,,,,,,0.8900984525680542,1.0,1.0,0.925537109375,0.8887939453125,0.8981475830078125,0.8870773315429688,0.3295939266681671,0.003167494898661971,0.00034930353285744786,0.26958897709846497,0.33746999502182007,0.3028185963630676,0.3383379578590393
22,,367,0.8916146159172058,1.0,1.0,0.9211875200271606,0.8971093893051147,0.9011132717132568,0.8879052996635437,0.3196663558483124,0.005880864802747965,,0.000714972207788378,,0.30038684606552124,,0.3145346939563751,,0.29040470719337463,,0.3291560709476471,,,,,,,,,,,,,,,,
,0.00026251666044456895,368,,,,,,,,,,,,,,,,,,,,,,,,,,,,,,,,,,,
23,,369,,,,,,,,,,0.006695859134197235,,0.0006907035131007433,,0.288868248462677,,0.3251264691352844,,0.28978151082992554,,0.32341307401657104,0.3156032860279083,,,,,,,,,,,,,,
23,,379,,,,,,,,,,0.0052371155470609665,,0.0005409047589637339,,0.30535030364990234,,0.30735427141189575,,0.28968358039855957,,0.32274794578552246,0.314444363117218,,,,,,,,,,,,,,
23,,383,,,,,,,,,,,,,,,,,,,,,,0.893395185470581,1.0,1.0,0.925537109375,0.88641357421875,0.89984130859375,0.8911972045898438,0.3182390332221985,0.002140613505616784,0.00027157762087881565,0.2696712613105774,0.33690160512924194,0.29574406147003174,0.3250059485435486
23,,383,0.8955304622650146,1.0,1.0,0.9211875200271606,0.8962968587875366,0.9036015868186951,0.8925536870956421,0.30791476368904114,0.005573077592998743,,0.0005980997812002897,,0.2981245517730713,,0.3128366768360138,,0.2833530902862549,,0.3153962790966034,,,,,,,,,,,,,,,,
,0.0002593452941132118,384,,,,,,,,,,,,,,,,,,,,,,,,,,,,,,,,,,,
24,,389,,,,,,,,,,0.00562310591340065,,0.0005878802039660513,,0.289959579706192,,0.309035062789917,,0.2586635947227478,,0.2796451449394226,0.27619051933288574,,,,,,,,,,,,,,
24,,399,,,,,,,,,,0.004839770495891571,,0.0005120110581628978,,0.2770201861858368,,0.30879029631614685,,0.242503359913826,,0.25821757316589355,0.2569212019443512,,,,,,,,,,,,,,
24,,399,,,,,,,,,,,,,,,,,,,,,,0.8978136777877808,1.0,1.0,0.925537109375,0.88775634765625,0.90228271484375,0.896392822265625,0.30661138892173767,0.00252618920058012,0.00029806295060552657,0.27199721336364746,0.33890509605407715,0.2909354567527771,0.310546338558197
24,,399,0.9001449346542358,1.0,1.0,0.9212499856948853,0.8965312242507935,0.9065155982971191,0.8979609608650208,0.295834481716156,0.004629166796803474,,0.0005160330329090357,,0.2996881902217865,,0.31065404415130615,,0.27627140283584595,,0.3011768162250519,,,,,,,,,,,,,,,,
,0.0002560660171779822,400,,,,,,,,,,,,,,,,,,,,,,,,,,,,,,,,,,,
25,,409,,,,,,,,,,0.0044814590364694595,,0.0005088660982437432,,0.25898927450180054,,0.3074335753917694,,0.26034441590309143,,0.2774403691291809,0.274412602186203,,,,,,,,,,,,,,
25,,415,,,,,,,,,,,,,,,,,,,,,,0.9024124145507812,1.0,1.0,0.925537109375,0.88885498046875,0.90423583984375,0.9019660949707031,0.29423630237579346,0.00233258749358356,0.00027375255012884736,0.2690497934818268,0.33449381589889526,0.28415974974632263,0.2960662245750427
25,,415,0.904140055179596,1.0,1.0,0.9211249947547913,0.8964687585830688,0.9081523418426514,0.9028828144073486,0.28470534086227417,0.004959192126989365,,0.0005514755030162632,,0.30000796914100647,,0.30928030610084534,,0.26997214555740356,,0.28799673914909363,,,,,,,,,,,,,,,,
,0.00025268206588930335,416,,,,,,,,,,,,,,,,,,,,,,,,,,,,,,,,,,,
26,,419,,,,,,,,,,0.004593089688569307,,0.00043745685252361,,0.2980915904045105,,0.290603369474411,,0.2621179521083832,,0.2806190550327301,0.27679893374443054,,,,,,,,,,,,,,
26,,429,,,,,,,,,,0.004917614161968231,,0.0004958311328664422,,0.2718024253845215,,0.3070286512374878,,0.2693500518798828,,0.2738848030567169,0.27356573939323425,,,,,,,,,,,,,,
26,,431,,,,,,,,,,,,,,,,,,,,,,0.9063587784767151,1.0,1.0,0.925537109375,0.8880615234375,0.9056549072265625,0.90692138671875,0.2846749424934387,0.002393359551206231,0.00028972074505873024,0.270528107881546,0.33523690700531006,0.28116029500961304,0.28400108218193054
26,,431,0.9082381129264832,1.0,1.0,0.9210625290870667,0.8966875076293945,0.9099335670471191,0.9078876972198486,0.27324196696281433,0.004865533672273159,,0.0005076360539533198,,0.3003755509853363,,0.3072947561740875,,0.26384812593460083,,0.2743655741214752,,,,,,,,,,,,,,,,
,0.0002491967797985478,432,,,,,,,,,,,,,,,,,,,,,,,,,,,,,,,,,,,
27,,439,,,,,,,,,,0.004303342662751675,,0.0005184634937904775,,0.2660348117351532,,0.3190340995788574,,0.24752958118915558,,0.26700228452682495,0.2648051679134369,,,,,,,,,,,,,,
27,,447,,,,,,,,,,,,,,,,,,,,,,0.9104224443435669,1.0,1.0,0.925537109375,0.8890380859375,0.908111572265625,0.9116630554199219,0.2752634286880493,0.0023679095320403576,0.000353619281668216,0.27119171619415283,0.33284270763397217,0.27530714869499207,0.2730577886104584
27,,447,0.9121531248092651,1.0,1.0,0.9211875200271606,0.8969843983650208,0.9133515357971191,0.9122314453125,0.26263824105262756,0.004691552836447954,,0.0005929620238021016,,0.2968754470348358,,0.3048652708530426,,0.2563197910785675,,0.2623192071914673,,,,,,,,,,,,,,,,
,0.0002456135984623035,448,,,,,,,,,,,,,,,,,,,,,,,,,,,,,,,,,,,
28,,449,,,,,,,,,,0.004446700215339661,,0.0006513053085654974,,0.256844162940979,,0.3152480125427246,,0.2638763189315796,,0.2666609287261963,0.2673301100730896,,,,,,,,,,,,,,
28,,459,,,,,,,,,,0.003726417664438486,,0.0004452547582332045,,0.32701218128204346,,0.30389294028282166,,0.2511005401611328,,0.2514747083187103,0.25383055210113525,,,,,,,,,,,,,,
28,,463,,,,,,,,,,,,,,,,,,,,,,0.9136103391647339,1.0,1.0,0.925537109375,0.88482666015625,0.908905029296875,0.9159774780273438,0.2630484998226166,0.0020223658066242933,0.0002687153173610568,0.2723845839500427,0.33401596546173096,0.26949581503868103,0.25813665986061096
28,,463,0.9159025549888611,1.0,1.0,0.9211875200271606,0.8968281149864197,0.9145156145095825,0.9169482588768005,0.2514842450618744,0.0043393587693572044,,0.0005936613888479769,,0.29643771052360535,,0.30318763852119446,,0.25198352336883545,,0.24864695966243744,,,,,,,,,,,,,,,,
,0.00024193605804794655,464,,,,,,,,,,,,,,,,,,,,,,,,,,,,,,,,,,,
29,,469,,,,,,,,,,0.0035697934217751026,,0.0004303686146158725,,0.2684190273284912,,0.3205758333206177,,0.24487634003162384,,0.230557382106781,0.2370666265487671,,,,,,,,,,,,,,
29,,479,,,,,,,,,,0.0030466269236057997,,0.0003988926764577627,,0.28817635774612427,,0.30638259649276733,,0.2453744113445282,,0.24103274941444397,0.2445841282606125,,,,,,,,,,,,,,
29,,479,,,,,,,,,,,,,,,,,,,,,,0.9174450635910034,1.0,1.0,0.925537109375,0.890625,0.9114990234375,0.9200782775878906,0.25430023670196533,0.0018012979999184608,0.00022998295025900006,0.26964640617370605,0.3301154375076294,0.2641880512237549,0.24808910489082336
29,,479,0.9193641543388367,1.0,1.0,0.9211875200271606,0.8967499732971191,0.9166406393051147,0.9210361242294312,0.2419358789920807,0.0034579674247652292,,0.0004846425727009773,,0.2976238429546356,,0.30143529176712036,,0.24485060572624207,,0.23779436945915222,,,,,,,,,,,,,,,,
,0.00023816778784387105,480,,,,,,,,,,,,,,,,,,,,,,,,,,,,,,,,,,,
30,,489,,,,,,,,,,0.003804851323366165,,0.0004942312953062356,,0.2846751809120178,,0.3145747780799866,,0.22284293174743652,,0.20925255119800568,0.21686138212680817,,,,,,,,,,,,,,
30,,495,,,,,,,,,,,,,,,,,,,,,,0.9208762645721436,1.0,1.0,0.925537109375,0.88934326171875,0.913970947265625,0.9241142272949219,0.2457890808582306,0.001930398982949555,0.00023972446797415614,0.26882681250572205,0.3295329809188843,0.2586902976036072,0.23816713690757751
30,,495,0.9226827621459961,1.0,1.0,0.9211249947547913,0.8974218964576721,0.919546902179718,0.9246923923492432,0.23219512403011322,0.0036359799560159445,,0.0005023789126425982,,0.29812753200531006,,0.29992133378982544,,0.23805266618728638,,0.2265958935022354,,,,,,,,,,,,,,,,
,0.00023431250667781966,496,,,,,,,,,,,,,,,,,,,,,,,,,,,,,,,,,,,
31,,499,,,,,,,,,,0.004097943659871817,,0.0004424922517500818,,0.27715393900871277,,0.31600576639175415,,0.23490343987941742,,0.21446001529693604,0.22300882637500763,,,,,,,,,,,,,,
31,,509,,,,,,,,,,0.0037890286184847355,,0.0005366520490497351,,0.3063417673110962,,0.30046623945236206,,0.23614336550235748,,0.22630025446414948,0.23173730075359344,,,,,,,,,,,,,,
31,,511,,,,,,,,,,,,,,,,,,,,,,0.9239698648452759,1.0,1.0,0.925537109375,0.89007568359375,0.916168212890625,0.927642822265625,0.236256942152977,0.0018817351665347815,0.00021204602671787143,0.2697596848011017,0.326774001121521,0.25510919094085693,0.22651401162147522
31,,511,0.9255684614181519,1.0,1.0,0.9211875200271606,0.8973593711853027,0.9214140772819519,0.9280751943588257,0.22278371453285217,0.003691608551889658,,0.00048084885929711163,,0.2972203493118286,,0.2980726361274719,,0.23283842206001282,,0.21548372507095337,,,,,,,,,,,,,,,,
,0.00023037401924684952,512,,,,,,,,,,,,,,,,,,,,,,,,,,,,,,,,,,,
32,,519,,,,,,,,,,0.0033685266971588135,,0.00044852020801045,,0.29542678594589233,,0.28856372833251953,,0.23379658162593842,,0.20944032073020935,0.21796256303787231,,,,,,,,,,,,,,
32,,527,,,,,,,,,,,,,,,,,,,,,,0.9268143177032471,1.0,1.0,0.925537109375,0.88818359375,0.9193572998046875,0.930755615234375,0.22724269330501556,0.001733230659738183,0.00018794136121869087,0.27102452516555786,0.3293624818325043,0.24825158715248108,0.2160310447216034
32,,527,0.9288439154624939,1.0,1.0,0.9211249947547913,0.8974687457084656,0.9240038990974426,0.9317880868911743,0.21344590187072754,0.003340752562507987,,0.00045392606989480555,,0.30120450258255005,,0.29804345965385437,,0.22608748078346252,,0.20466411113739014,,,,,,,,,,,,,,,,
,0.00022635621236255572,528,,,,,,,,,,,,,,,,,,,,,,,,,,,,,,,,,,,
33,,529,,,,,,,,,,0.003233368508517742,,0.00039350255974568427,,0.27888721227645874,,0.28633177280426025,,0.21533526480197906,,0.18639537692070007,0.19691349565982819,,,,,,,,,,,,,,
33,,539,,,,,,,,,,0.0032272578682750463,,0.0004487011465243995,,0.33156585693359375,,0.2749660909175873,,0.2172527313232422,,0.19253143668174744,0.20196102559566498,,,,,,,,,,,,,,
33,,543,,,,,,,,,,,,,,,,,,,,,,0.928906261920929,1.0,1.0,0.925537109375,0.8868408203125,0.92022705078125,0.93341064453125,0.21945710480213165,0.0018236687174066901,0.00022589872241951525,0.27074161171913147,0.32768380641937256,0.24334388971328735,0.20698881149291992
33,,543,0.9312953352928162,1.0,1.0,0.9210625290870667,0.8982812762260437,0.925417959690094,0.9346523284912109,0.20538415014743805,0.00327119929715991,,0.00046584097435697913,,0.2983357310295105,,0.2956281006336212,,0.22142168879508972,,0.19527994096279144,,,,,,,,,,,,,,,,
,0.00022226305111525731,544,,,,,,,,,,,,,,,,,,,,,,,,,,,,,,,,,,,
34,,549,,,,,,,,,,0.002909183967858553,,0.00040659692604094744,,0.30886581540107727,,0.29117387533187866,,0.2217227965593338,,0.19195201992988586,0.20285819470882416,,,,,,,,,,,,,,
34,,559,,,,,,,,,,0.0027240929193794727,,0.0004311234806664288,,0.3363177180290222,,0.3029390275478363,,0.22721156477928162,,0.20020341873168945,0.21095098555088043,,,,,,,,,,,,,,
34,,559,,,,,,,,,,,,,,,,,,,,,,0.9309324026107788,1.0,1.0,0.925537109375,0.88983154296875,0.923431396484375,0.9351234436035156,0.2148679941892624,0.0016070796409621835,0.00019744495511986315,0.272188276052475,0.32823020219802856,0.2385946363210678,0.2020023912191391
34,,559,0.9334329962730408,1.0,1.0,0.9211875200271606,0.8991405963897705,0.9274336099624634,0.9369423985481262,0.1989990472793579,0.0031627528369426727,,0.0004658708639908582,,0.29778847098350525,,0.2938506603240967,,0.21714438498020172,,0.18795768916606903,,,,,,,,,,,,,,,,
,0.00021809857496093204,560,,,,,,,,,,,,,,,,,,,,,,,,,,,,,,,,,,,
35,,569,,,,,,,,,,0.002244909293949604,,0.0003873158129863441,,0.2764686048030853,,0.30772173404693604,,0.20210358500480652,,0.17069591581821442,0.18362829089164734,,,,,,,,,,,,,,
35,,575,,,,,,,,,,,,,,,,,,,,,,0.9336652755737305,1.0,1.0,0.925537109375,0.888916015625,0.92388916015625,0.9387092590332031,0.20667222142219543,0.0014605579199269414,0.0001547184947412461,0.2685805857181549,0.328599750995636,0.23490552604198456,0.19203321635723114
35,,575,0.935554563999176,1.0,1.0,0.9211249947547913,0.899218738079071,0.9288710951805115,0.939407229423523,0.19195054471492767,0.0028733564540743828,,0.00041873540612868965,,0.29847732186317444,,0.2911558151245117,,0.2119992971420288,,0.18000638484954834,,,,,,,,,,,,,,,,
,0.00021386689373476092,576,,,,,,,,,,,,,,,,,,,,,,,,,,,,,,,,,,,
36,,579,,,,,,,,,,0.0033395146019756794,,0.00045525404857471585,,0.32272088527679443,,0.30064815282821655,,0.20935283601284027,,0.1798398494720459,0.1920589953660965,,,,,,,,,,,,,,
36,,589,,,,,,,,,,0.0024449238553643227,,0.00036260197521187365,,0.28827086091041565,,0.3020314574241638,,0.19300086796283722,,0.15786394476890564,0.17216640710830688,,,,,,,,,,,,,,
36,,591,,,,,,,,,,,,,,,,,,,,,,0.9349359273910522,1.0,1.0,0.925537109375,0.888916015625,0.9247589111328125,0.940185546875,0.20102855563163757,0.0012652019504457712,0.00012465324834920466,0.26816096901893616,0.326569139957428,0.23158186674118042,0.18547484278678894
36,,591,0.9377209544181824,1.0,1.0,0.9211875200271606,0.9002500176429749,0.9304765462875366,0.9418281316757202,0.18472786247730255,0.002862137509509921,,0.00044129544403404,,0.2982606291770935,,0.2907344102859497,,0.20697063207626343,,0.17166529595851898,,,,,,,,,,,,,,,,
,0.00020957218359521712,592,,,,,,,,,,,,,,,,,,,,,,,,,,,,,,,,,,,
37,,599,,,,,,,,,,0.002192871179431677,,0.00044275421532802284,,0.2714087963104248,,0.30353909730911255,,0.19299283623695374,,0.1612890064716339,0.17460741102695465,,,,,,,,,,,,,,
37,,607,,,,,,,,,,,,,,,,,,,,,,0.9362924098968506,1.0,1.0,0.925537109375,0.8878173828125,0.926116943359375,0.9417228698730469,0.19615520536899567,0.0012860370334237814,0.00014932506019249558,0.2701873779296875,0.3271770775318146,0.22933579981327057,0.17947036027908325
37,,607,0.9395575523376465,1.0,1.0,0.9211875200271606,0.8997499942779541,0.932199239730835,0.9438769817352295,0.17851810157299042,0.0023880114313215017,,0.00040643036481924355,,0.29735231399536133,,0.289108544588089,,0.202212855219841,,0.16469348967075348,,,,,,,,,,,,,,,,
,0.00020521868290270177,608,,,,,,,,,,,,,,,,,,,,,,,,,,,,,,,,,,,
38,,609,,,,,,,,,,0.002432309789583087,,0.00044250587234273553,,0.3012978136539459,,0.2825034558773041,,0.2121097445487976,,0.1649455428123474,0.1803000271320343,,,,,,,,,,,,,,
38,,619,,,,,,,,,,0.0021681131329387426,,0.0002591166994534433,,0.30354413390159607,,0.2990038990974426,,0.19064155220985413,,0.1493724286556244,0.16539031267166138,,,,,,,,,,,,,,
38,,623,,,,,,,,,,,,,,,,,,,,,,0.9373826384544373,1.0,1.0,0.925537109375,0.8897705078125,0.9264678955078125,0.9429664611816406,0.1933261752128601,0.0010649253381416202,0.00011720364273060113,0.2702602744102478,0.32252758741378784,0.22696126997470856,0.1765826940536499
38,,623,0.941502571105957,1.0,1.0,0.9211875200271606,0.9004687666893005,0.9332226514816284,0.9461689591407776,0.17224960029125214,0.0021976097486913204,,0.00035767850931733847,,0.29707276821136475,,0.2882096469402313,,0.19803477823734283,,0.15744292736053467,,,,,,,,,,,,,,,,
,0.00020081068803679377,624,,,,,,,,,,,,,,,,,,,,,,,,,,,,,,,,,,,
39,,629,,,,,,,,,,0.00187174032907933,,0.000266650429693982,,0.2909144163131714,,0.2892332077026367,,0.19331885874271393,,0.1475813090801239,0.16394241154193878,,,,,,,,,,,,,,
39,,639,,,,,,,,,,0.0019478274043649435,,0.0003351799095980823,,0.2788546085357666,,0.28820517659187317,,0.19484610855579376,,0.1482117474079132,0.16451247036457062,,,,,,,,,,,,,,
39,,639,,,,,,,,,,,,,,,,,,,,,,0.9392942786216736,1.0,1.0,0.925537109375,0.89166259765625,0.9282379150390625,0.9449539184570312,0.18618308007717133,0.0008591298246756196,9.053411486092955e-05,0.2695941627025604,0.3246920704841614,0.22127169370651245,0.168358713388443
39,,639,0.9429575800895691,1.0,1.0,0.9211249947547913,0.9018281102180481,0.9341171979904175,0.9478007555007935,0.16789361834526062,0.0020138914696872234,,0.0003093377163168043,,0.2976120710372925,,0.28618401288986206,,0.1958792358636856,,0.15229381620883942,,,,,,,,,,,,,,,,
,0.00019635254915624216,640,,,,,,,,,,,,,,,,,,,,,,,,,,,,,,,,,,,
40,,649,,,,,,,,,,0.0015246313996613026,,0.0002051430055871606,,0.2996615469455719,,0.2789373993873596,,0.19286485016345978,,0.141740083694458,0.15909463167190552,,,,,,,,,,,,,,
40,,655,,,,,,,,,,,,,,,,,,,,,,0.94122314453125,1.0,1.0,0.925537109375,0.891357421875,0.9306793212890625,0.9469337463378906,0.18254336714744568,0.0008348317351192236,7.339976582443342e-05,0.2690121829509735,0.3256358504295349,0.21918560564517975,0.1639786809682846
40,,655,0.9445691704750061,1.0,1.0,0.9211875200271606,0.9006562232971191,0.9356328248977661,0.9496425986289978,0.16194157302379608,0.0016541248187422752,,0.00026399813941679895,,0.2972199320793152,,0.2860107123851776,,0.19083841145038605,,0.1456373929977417,,,,,,,,,,,,,,,,
,0.00019184866590588444,656,,,,,,,,,,,,,,,,,,,,,,,,,,,,,,,,,,,
41,,659,,,,,,,,,,0.0017765688244253397,,0.00031448950176127255,,0.33306342363357544,,0.28724372386932373,,0.18418066203594208,,0.13981826603412628,0.15680570900440216,,,,,,,,,,,,,,
41,,669,,,,,,,,,,0.001516162883490324,,0.00022286869352683425,,0.28916168212890625,,0.28511834144592285,,0.1777300238609314,,0.13685986399650574,0.15276187658309937,,,,,,,,,,,,,,
41,,671,,,,,,,,,,,,,,,,,,,,,,0.9427512884140015,1.0,1.0,0.925537109375,0.8924560546875,0.9308319091796875,0.9488639831542969,0.17829875648021698,0.0006118332967162132,6.565180228790268e-05,0.2679898142814636,0.32314521074295044,0.21772241592407227,0.1588582545518875
41,,671,0.9463289976119995,1.0,1.0,0.9211875200271606,0.9017187356948853,0.9375820159912109,0.9514345526695251,0.15711252391338348,0.0016961374785751104,,0.0002862113469745964,,0.29631322622299194,,0.2848460376262665,,0.1860617846250534,,0.14048121869564056,,,,,,,,,,,,,,,,
,0.00018730348307472821,672,,,,,,,,,,,,,,,,,,,,,,,,,,,,,,,,,,,
42,,679,,,,,,,,,,0.001181392464786768,,0.0002369581488892436,,0.3077740967273712,,0.29021504521369934,,0.19292615354061127,,0.14562606811523438,0.16264502704143524,,,,,,,,,,,,,,
42,,687,,,,,,,,,,,,,,,,,,,,,,0.9437614679336548,1.0,1.0,0.925537109375,0.88934326171875,0.9318084716796875,0.9501609802246094,0.17468641698360443,0.0005272428970783949,5.0423957873135805e-05,0.2700148820877075,0.32482534646987915,0.21555307507514954,0.15444879233837128
42,,687,0.9476733207702637,1.0,1.0,0.9211875200271606,0.9014687538146973,0.9389726519584656,0.9528945088386536,0.15285098552703857,0.0012344109127297997,,0.00022514231386594474,,0.297566294670105,,0.2837391793727875,,0.18240156769752502,,0.1357659250497818,,,,,,,,,,,,,,,,
,0.00018272148620948142,688,,,,,,,,,,,,,,,,,,,,,,,,,,,,,,,,,,,
43,,689,,,,,,,,,,0.0012099420418962836,,0.00012472299567889422,,0.2646986246109009,,0.27706995606422424,,0.17303705215454102,,0.12193506211042404,0.14002077281475067,,,,,,,,,,,,,,
43,,699,,,,,,,,,,0.0013387177605181932,,0.00023164830054156482,,0.3160819411277771,,0.28914180397987366,,0.1881527304649353,,0.14009693264961243,0.15764909982681274,,,,,,,,,,,,,,
43,,703,,,,,,,,,,,,,,,,,,,,,,0.9439274072647095,1.0,1.0,0.925537109375,0.89056396484375,0.9306182861328125,0.9506034851074219,0.17262591421604156,0.000527123745996505,4.2586401832522824e-05,0.2690187096595764,0.32316097617149353,0.21680404245853424,0.15150901675224304
43,,703,0.9487934112548828,1.0,1.0,0.9211249947547913,0.902593731880188,0.9392109513282776,0.9542587995529175,0.1488604098558426,0.0012471218360587955,,0.0002034786157310009,,0.2969449460506439,,0.28275784850120544,,0.18050432205200195,,0.1309918761253357,,,,,,,,,,,,,,,,
,0.00017810719718785875,704,,,,,,,,,,,,,,,,,,,,,,,,,,,,,,,,,,,
44,,709,,,,,,,,,,0.0009248600690625608,,0.000135572423459962,,0.2605398893356323,,0.28331124782562256,,0.18020081520080566,,0.1290467083454132,0.14694306254386902,,,,,,,,,,,,,,
44,,719,,,,,,,,,,0.000970515247900039,,0.0002515272644814104,,0.2911089062690735,,0.27286404371261597,,0.18150022625923157,,0.1275903731584549,0.14596308767795563,,,,,,,,,,,,,,
44,,719,,,,,,,,,,,,,,,,,,,,,,0.9444511532783508,1.0,1.0,0.925537109375,0.8885498046875,0.9324493408203125,0.9509696960449219,0.17133775353431702,0.0004829194222111255,4.5655848225578666e-05,0.27075034379959106,0.32672885060310364,0.2127171754837036,0.15056359767913818
44,,719,0.9503612518310547,1.0,1.0,0.9211249947547913,0.9023749828338623,0.9406484365463257,0.956002950668335,0.14439861476421356,0.0010650809854269028,,0.00017354998271912336,,0.2987409234046936,,0.2805653214454651,,0.17686109244823456,,0.12606436014175415,,,,,,,,,,,,,,,,
,0.00017346516975603468,720,,,,,,,,,,,,,,,,,,,,,,,,,,,,,,,,,,,
45,,729,,,,,,,,,,0.0008720650803297758,,0.00014155414828564972,,0.32214826345443726,,0.2618929147720337,,0.1717950403690338,,0.12081073224544525,0.13890598714351654,,,,,,,,,,,,,,
45,,735,,,,,,,,,,,,,,,,,,,,,,0.9455500841140747,1.0,1.0,0.925537109375,0.89007568359375,0.9337921142578125,0.9520034790039062,0.16745500266551971,0.00040737437666393816,3.531496986397542e-05,0.2692386209964752,0.3222868740558624,0.20953857898712158,0.1464838683605194
45,,735,0.9512161016464233,1.0,1.0,0.9211875200271606,0.9021875262260437,0.941281259059906,0.9569951295852661,0.14149639010429382,0.000953425420448184,,0.00016478152247145772,,0.2967603802680969,,0.2801678776741028,,0.1732587069272995,,0.12315216660499573,,,,,,,,,,,,,,,,
,0.0001687999850346457,736,,,,,,,,,,,,,,,,,,,,,,,,,,,,,,,,,,,
46,,739,,,,,,,,,,0.0010053825099021196,,0.00013538372877519578,,0.2859596610069275,,0.28756073117256165,,0.2024436742067337,,0.14233030378818512,0.1615770012140274,,,,,,,,,,,,,,
46,,749,,,,,,,,,,0.0009140097536146641,,0.00012423763109836727,,0.30217427015304565,,0.28917646408081055,,0.165762796998024,,0.1099034994840622,0.13063733279705048,,,,,,,,,,,,,,
46,,751,,,,,,,,,,,,,,,,,,,,,,0.9472385048866272,1.0,1.0,0.925537109375,0.890380859375,0.9337158203125,0.954254150390625,0.16399312019348145,0.00037925204378552735,3.0785213311901316e-05,0.2681846618652344,0.32203948497772217,0.20919233560562134,0.14198768138885498
46,,751,0.9524828195571899,1.0,1.0,0.9211875200271606,0.903124988079071,0.9420820474624634,0.9584248065948486,0.13766910135746002,0.0008669535745866597,,0.00013939406198915094,,0.29580575227737427,,0.2792547941207886,,0.17027923464775085,,0.11886738985776901,,,,,,,,,,,,,,,,
,0.00016411624699777717,752,,,,,,,,,,,,,,,,,,,,,,,,,,,,,,,,,,,
47,,759,,,,,,,,,,0.0009999892208725214,,0.00011688927770592272,,0.27731817960739136,,0.2849591374397278,,0.15206339955329895,,0.09786630421876907,0.1185489222407341,,,,,,,,,,,,,,
47,,767,,,,,,,,,,,,,,,,,,,,,,0.9482171535491943,1.0,1.0,0.925537109375,0.89239501953125,0.934661865234375,0.9551963806152344,0.1610850840806961,0.0002817710628733039,2.5629586161812767e-05,0.2685868740081787,0.32160088419914246,0.2078772783279419,0.13846126198768616
47,,767,0.9537099003791809,1.0,1.0,0.9211875200271606,0.9035312533378601,0.9434648156166077,0.9596894383430481,0.13423363864421844,0.0009120903559960425,,0.00014604801253881305,,0.29750171303749084,,0.27752256393432617,,0.16741959750652313,,0.11508450657129288,,,,,,,,,,,,,,,,
,0.00015941857792939706,768,,,,,,,,,,,,,,,,,,,,,,,,,,,,,,,,,,,
48,,769,,,,,,,,,,0.000790871330536902,,9.58049640757963e-05,,0.28287234902381897,,0.28959453105926514,,0.17192508280277252,,0.12093494832515717,0.1398618221282959,,,,,,,,,,,,,,
48,,779,,,,,,,,,,0.0009262754465453327,,0.00011994552187388763,,0.2655658721923828,,0.2683528661727905,,0.16604244709014893,,0.11112115532159805,0.13019777834415436,,,,,,,,,,,,,,
48,,783,,,,,,,,,,,,,,,,,,,,,,0.9492445588111877,1.0,1.0,0.925537109375,0.89349365234375,0.9360198974609375,0.9561576843261719,0.1583641767501831,0.0002592465898487717,2.5301769710495137e-05,0.27000030875205994,0.3224688768386841,0.20448057353496552,0.13560712337493896
48,,783,0.9547450542449951,1.0,1.0,0.9211875200271606,0.9035624861717224,0.9444335699081421,0.9608252048492432,0.13083598017692566,0.0007696538814343512,,0.00012903248716611415,,0.2982643246650696,,0.2763746976852417,,0.16415585577487946,,0.11143137514591217,,,,,,,,,,,,,,,,
,0.00015471161386171927,784,,,,,,,,,,,,,,,,,,,,,,,,,,,,,,,,,,,
49,,789,,,,,,,,,,0.0005062802811153233,,0.00012385220907162875,,0.2744223475456238,,0.2710588574409485,,0.1581343561410904,,0.1007317453622818,0.12115108966827393,,,,,,,,,,,,,,
49,,799,,,,,,,,,,0.0006395198870450258,,9.842142753768712e-05,,0.2889274060726166,,0.2848378121852875,,0.16271254420280457,,0.11066361516714096,0.13027651607990265,,,,,,,,,,,,,,
49,,799,,,,,,,,,,,,,,,,,,,,,,0.9500744342803955,1.0,1.0,0.925537109375,0.8934326171875,0.9358367919921875,0.9573135375976562,0.15611933171749115,0.0002592465898487717,2.071235576295294e-05,0.26807138323783875,0.3216385841369629,0.20383583009243011,0.13285797834396362
49,,799,0.955856442451477,1.0,1.0,0.9211875200271606,0.904421865940094,0.9453125,0.962033212184906,0.12790991365909576,0.0006594003061763942,,0.00011971482308581471,,0.29738813638687134,,0.2747320830821991,,0.16201448440551758,,0.10818273574113846,,,,,,,,,,,,,,,,
,0.00015000000000000001,800,,,,,,,,,,,,,,,,,,,,,,,,,,,,,,,,,,,
50,,809,,,,,,,,,,0.0006582618225365877,,8.824944234220311e-05,,0.30772727727890015,,0.26395881175994873,,0.16604146361351013,,0.10814060270786285,0.12824952602386475,,,,,,,,,,,,,,
50,,815,,,,,,,,,,,,,,,,,,,,,,0.9506152868270874,1.0,1.0,0.925537109375,0.89056396484375,0.9362945556640625,0.958099365234375,0.1551266461610794,0.0001967951684491709,1.7732199921738356e-05,0.26725223660469055,0.3208467960357666,0.2046509087085724,0.13139328360557556
50,,815,0.9564432501792908,1.0,1.0,0.9211875200271606,0.9045312404632568,0.945074200630188,0.9628681540489197,0.12556755542755127,0.0006311213946901262,,0.0001016547903418541,,0.2986867129802704,,0.27553606033325195,,0.16066482663154602,,0.1053273156285286,,,,,,,,,,,,,,,,
,0.00014528838613828078,816,,,,,,,,,,,,,,,,,,,,,,,,,,,,,,,,,,,
51,,819,,,,,,,,,,0.0007026250241324306,,9.60678662522696e-05,,0.3220556676387787,,0.2723124623298645,,0.16488498449325562,,0.1061638742685318,0.12710940837860107,,,,,,,,,,,,,,
51,,829,,,,,,,,,,0.0005800168728455901,,7.247700705192983e-05,,0.2931573688983917,,0.2691873610019684,,0.16028335690498352,,0.10190430283546448,0.12256551533937454,,,,,,,,,,,,,,
51,,831,,,,,,,,,,,,,,,,,,,,,,0.9507583379745483,1.0,1.0,0.925537109375,0.890869140625,0.936492919921875,0.958221435546875,0.153668612241745,0.00022849810193292797,1.9043462089030072e-05,0.2681397795677185,0.3198796808719635,0.2019476592540741,0.13017208874225616
51,,831,0.9573106169700623,1.0,1.0,0.9211875200271606,0.9043750166893005,0.9464609622955322,0.9636874794960022,0.12239902466535568,0.0006287838332355022,,9.566303197061643e-05,,0.29526302218437195,,0.2738441824913025,,0.15714934468269348,,0.10214177519083023,,,,,,,,,,,,,,,,
,0.00014058142207060302,832,,,,,,,,,,,,,,,,,,,,,,,,,,,,,,,,,,,
52,,839,,,,,,,,,,0.0005659673479385674,,0.00012954835256095976,,0.2614087462425232,,0.28669726848602295,,0.1591368019580841,,0.1001669242978096,0.12149611860513687,,,,,,,,,,,,,,
52,,847,,,,,,,,,,,,,,,,,,,,,,0.950927197933197,1.0,1.0,0.925537109375,0.88970947265625,0.9362945556640625,0.9585685729980469,0.1528087705373764,0.0001778444420779124,1.6629523088340648e-05,0.26944246888160706,0.32618457078933716,0.2026894986629486,0.12842608988285065
52,,847,0.9585164189338684,1.0,1.0,0.9211875200271606,0.9043750166893005,0.9472460746765137,0.9650986194610596,0.11969462037086487,0.0006122792256064713,,0.00013749889330938458,,0.2946568429470062,,0.2740384638309479,,0.15481212735176086,,0.09911825507879257,,,,,,,,,,,,,,,,
,0.00013588375300222289,848,,,,,,,,,,,,,,,,,,,,,,,,,,,,,,,,,,,
53,,849,,,,,,,,,,0.0004824809730052948,,6.245690019568428e-05,,0.2807601988315582,,0.26791131496429443,,0.14174887537956238,,0.08994118869304657,0.10990967601537704,,,,,,,,,,,,,,
53,,859,,,,,,,,,,0.0005266193184070289,,7.429653487633914e-05,,0.3276287317276001,,0.26999330520629883,,0.15212714672088623,,0.09511913359165192,0.11638753861188889,,,,,,,,,,,,,,
53,,863,,,,,,,,,,,,,,,,,,,,,,0.9521491527557373,1.0,1.0,0.925537109375,0.8892822265625,0.93756103515625,0.9599075317382812,0.14868119359016418,0.00017557987303007394,1.7761987692210823e-05,0.2682918310165405,0.322624146938324,0.19938348233699799,0.123990997672081
53,,863,0.9593684673309326,1.0,1.0,0.9211875200271606,0.9053750038146973,0.9482187628746033,0.9659287333488464,0.11697957664728165,0.0004807541845366359,,7.700247078901157e-05,,0.2956220507621765,,0.27143892645835876,,0.15159454941749573,,0.09645124524831772,,,,,,,,,,,,,,,,
,0.0001312000149653544,864,,,,,,,,,,,,,,,,,,,,,,,,,,,,,,,,,,,
54,,869,,,,,,,,,,0.0004274894017726183,,6.556462176376954e-05,,0.2605065703392029,,0.2856772541999817,,0.14976266026496887,,0.08757199347019196,0.11023084819316864,,,,,,,,,,,,,,
54,,879,,,,,,,,,,0.0004762300231959671,,6.592560384888202e-05,,0.3010794222354889,,0.24526581168174744,,0.167196586728096,,0.10201700776815414,0.1229177787899971,,,,,,,,,,,,,,
54,,879,,,,,,,,,,,,,,,,,,,,,,0.952106237411499,1.0,1.0,0.925537109375,0.892333984375,0.937255859375,0.9597358703613281,0.1492922306060791,0.00017188502533826977,1.7612986994208768e-05,0.2684028148651123,0.31924670934677124,0.20188675820827484,0.12438906729221344
54,,879,0.9597970843315125,1.0,1.0,0.9211875200271606,0.903640627861023,0.9482890367507935,0.9665908217430115,0.11538490653038025,0.00046075030695647,,9.748683805810288e-05,,0.2967809736728668,,0.2720281481742859,,0.15054994821548462,,0.09453170746564865,,,,,,,,,,,,,,,,
,0.0001265348302439654,880,,,,,,,,,,,,,,,,,,,,,,,,,,,,,,,,,,,
55,,889,,,,,,,,,,0.00048147927736863494,,0.00016988496645353734,,0.36881422996520996,,0.2556329369544983,,0.15964414179325104,,0.10522596538066864,0.12518900632858276,,,,,,,,,,,,,,
55,,895,,,,,,,,,,,,,,,,,,,,,,0.953311026096344,1.0,1.0,0.925537109375,0.89202880859375,0.9380645751953125,0.9611587524414062,0.14587581157684326,0.0001392267586197704,1.3619550372823142e-05,0.2671886384487152,0.32114851474761963,0.20007944107055664,0.1201869398355484
55,,895,0.960774302482605,1.0,1.0,0.9212499856948853,0.9044530987739563,0.9496640563011169,0.9674980640411377,0.11273898184299469,0.000457965477835387,,0.00011649183579720557,,0.29731088876724243,,0.27291449904441833,,0.14798559248447418,,0.09158200025558472,,,,,,,,,,,,,,,,
,0.00012189280281214134,896,,,,,,,,,,,,,,,,,,,,,,,,,,,,,,,,,,,
56,,899,,,,,,,,,,0.0003870525979436934,,7.002018537605181e-05,,0.3069736361503601,,0.24998992681503296,,0.14901947975158691,,0.0987347662448883,0.11733698099851608,,,,,,,,,,,,,,
56,,909,,,,,,,,,,0.00048339570639654994,,7.655462104594335e-05,,0.3022442162036896,,0.2716726064682007,,0.13635621964931488,,0.07922004163265228,0.10128370672464371,,,,,,,,,,,,,,
56,,911,,,,,,,,,,,,,,,,,,,,,,0.9535113573074341,1.0,1.0,0.925537109375,0.89019775390625,0.93731689453125,0.9617271423339844,0.14558526873588562,0.00013410145766101778,1.087777673092205e-05,0.2690960764884949,0.3222036063671112,0.2001807689666748,0.11967857927083969
56,,911,0.9614652395248413,1.0,1.0,0.9211249947547913,0.9050468802452087,0.9503164291381836,0.9682207107543945,0.11045511811971664,0.0004302765883039683,,0.00010839508468052372,,0.29645833373069763,,0.27025410532951355,,0.14594759047031403,,0.08922675251960754,,,,,,,,,,,,,,,,
,0.00011727851379051869,912,,,,,,,,,,,,,,,,,,,,,,,,,,,,,,,,,,,
57,,919,,,,,,,,,,0.0003230437869206071,,4.4012867874698713e-05,,0.28058454394340515,,0.27228787541389465,,0.12436698377132416,,0.07167305052280426,0.09314830601215363,,,,,,,,,,,,,,
57,,927,,,,,,,,,,,,,,,,,,,,,,0.9541037082672119,1.0,1.0,0.925537109375,0.8914794921875,0.938323974609375,0.9621849060058594,0.14480964839458466,0.0001308832288486883,1.1354608432156965e-05,0.26894256472587585,0.3243870437145233,0.19914236664772034,0.11877021193504333
57,,927,0.9621414542198181,1.0,1.0,0.9211875200271606,0.9066562652587891,0.9506171941757202,0.968945324420929,0.10890039056539536,0.00038353222771547735,,5.554947711061686e-05,,0.2941986322402954,,0.26971182227134705,,0.14450013637542725,,0.08758559823036194,,,,,,,,,,,,,,,,
,0.0001126965169252718,928,,,,,,,,,,,,,,,,,,,,,,,,,,,,,,,,,,,
58,,929,,,,,,,,,,0.000389904627809301,,4.253239603713155e-05,,0.2706933915615082,,0.284765362739563,,0.1411404311656952,,0.08919349312782288,0.10990675538778305,,,,,,,,,,,,,,
58,,939,,,,,,,,,,0.0004124481347389519,,4.1710409277584404e-05,,0.24745024740695953,,0.26507487893104553,,0.143194779753685,,0.08273152261972427,0.10424873232841492,,,,,,,,,,,,,,
58,,943,,,,,,,,,,,,,,,,,,,,,,0.9549479484558105,1.0,1.0,0.925537109375,0.8914794921875,0.9389190673828125,0.9631614685058594,0.14257021248340607,0.0001227780303452164,1.0669165021681692e-05,0.2681058347225189,0.3210645914077759,0.19805671274662018,0.11627718061208725
58,,943,0.9627743363380432,1.0,1.0,0.9210625290870667,0.9048437476158142,0.9516054391860962,0.9696572422981262,0.10679613798856735,0.00040064609493128955,,6.332943303277716e-05,,0.2960686981678009,,0.2697376608848572,,0.14159485697746277,,0.08547601848840714,,,,,,,,,,,,,,,,
,0.00010815133409411566,944,,,,,,,,,,,,,,,,,,,,,,,,,,,,,,,,,,,
59,,949,,,,,,,,,,0.000367601664038375,,6.716720235999674e-05,,0.3034355640411377,,0.26650914549827576,,0.13860687613487244,,0.08051927387714386,0.10245222598314285,,,,,,,,,,,,,,
59,,959,,,,,,,,,,0.00034631468588486314,,3.6977762647438794e-05,,0.2664036750793457,,0.2883620858192444,,0.13814586400985718,,0.07953000068664551,0.10221406072378159,,,,,,,,,,,,,,
59,,959,,,,,,,,,,,,,,,,,,,,,,0.9552169442176819,1.0,1.0,0.925537109375,0.892578125,0.9387359619140625,0.9634971618652344,0.14239352941513062,0.00011193125828867778,9.506888090982102e-06,0.26824697852134705,0.31982362270355225,0.19777999818325043,0.11618620157241821
59,,959,0.963382363319397,1.0,1.0,0.9211875200271606,0.9053750038146973,0.9518359303474426,0.9703750014305115,0.10478736460208893,0.00039012415800243616,,5.532980867428705e-05,,0.2956354022026062,,0.26801201701164246,,0.14029228687286377,,0.0832386463880539,,,,,,,,,,,,,,,,
,0.00010364745084375796,960,,,,,,,,,,,,,,,,,,,,,,,,,,,,,,,,,,,
60,,969,,,,,,,,,,0.00048759844503365457,,5.844789484399371e-05,,0.2641916275024414,,0.2751377522945404,,0.13280773162841797,,0.08039015531539917,0.10121238976716995,,,,,,,,,,,,,,
60,,975,,,,,,,,,,,,,,,,,,,,,,0.9562414288520813,1.0,1.0,0.925537109375,0.89288330078125,0.939849853515625,0.9645652770996094,0.13986307382583618,9.941560711013153e-05,8.821441952022724e-06,0.26816582679748535,0.3175748586654663,0.19602246582508087,0.11339429020881653
60,,975,0.9639339447021484,1.0,1.0,0.9211875200271606,0.9060156345367432,0.9527031183242798,0.9708535075187683,0.10357683897018433,0.0003751715994440019,,5.758405677624978e-05,,0.2959524989128113,,0.2690342664718628,,0.13859057426452637,,0.0819815918803215,,,,,,,,,,,,,,,,
,9.918931196320633e-05,976,,,,,,,,,,,,,,,,,,,,,,,,,,,,,,,,,,,
61,,979,,,,,,,,,,0.00033309462014585733,,0.00010665747686289251,,0.30293792486190796,,0.27426445484161377,,0.13379858434200287,,0.07314423471689224,0.09637569636106491,,,,,,,,,,,,,,
61,,989,,,,,,,,,,0.0003744358546100557,,5.382912058848888e-05,,0.25742703676223755,,0.29043570160865784,,0.14466023445129395,,0.08199812471866608,0.10527942329645157,,,,,,,,,,,,,,
61,,991,,,,,,,,,,,,,,,,,,,,,,0.9563072323799133,1.0,1.0,0.925537109375,0.891357421875,0.9398651123046875,0.9647445678710938,0.13875512778759003,0.0001003691868390888,9.149263860308565e-06,0.26817595958709717,0.31925779581069946,0.19453442096710205,0.1121840626001358
61,,991,0.9647451639175415,1.0,1.0,0.9211875200271606,0.9059374928474426,0.9532734155654907,0.9717968702316284,0.10149092227220535,0.0003779826802201569,,7.029645348666236e-05,,0.2957363724708557,,0.2668440341949463,,0.1372816413640976,,0.07966849952936172,,,,,,,,,,,,,,,,
,9.478131709729838e-05,992,,,,,,,,,,,,,,,,,,,,,,,,,,,,,,,,,,,
62,,999,,,,,,,,,,0.0004394742427393794,,8.64410976646468e-05,,0.2920597791671753,,0.26724302768707275,,0.15473520755767822,,0.08714385330677032,0.11034785211086273,,,,,,,,,,,,,,
62,,1007,,,,,,,,,,,,,,,,,,,,,,0.9566392302513123,1.0,1.0,0.925537109375,0.8924560546875,0.9395294189453125,0.9652023315429688,0.1378074288368225,0.000105375460407231,8.34461025078781e-06,0.2681432366371155,0.3191976547241211,0.19624179601669312,0.11049818992614746
62,,1007,0.9651867151260376,1.0,1.0,0.9210625290870667,0.9067343473434448,0.9534570574760437,0.9722920060157776,0.09968233853578568,0.00035005557583644986,,6.861311703687534e-05,,0.2952994704246521,,0.2665369212627411,,0.13478602468967438,,0.07790759950876236,,,,,,,,,,,,,,,,
,9.042781640478292e-05,1008,,,,,,,,,,,,,,,,,,,,,,,,,,,,,,,,,,,
63,,1009,,,,,,,,,,0.00031673640478402376,,7.274215022334829e-05,,0.2840687036514282,,0.27493101358413696,,0.14149121940135956,,0.07945127785205841,0.1023598238825798,,,,,,,,,,,,,,
63,,1019,,,,,,,,,,0.0003223532112315297,,4.1949304431909695e-05,,0.29597365856170654,,0.2531034052371979,,0.1366651952266693,,0.07524894177913666,0.09741823375225067,,,,,,,,,,,,,,
63,,1023,,,,,,,,,,,,,,,,,,,,,,0.9567565321922302,1.0,1.0,0.925537109375,0.891357421875,0.939544677734375,0.965423583984375,0.13677504658699036,0.00012063252506777644,8.881046596798114e-06,0.2706833481788635,0.31847020983695984,0.19610048830509186,0.10916311293840408
63,,1023,0.9657295942306519,1.0,1.0,0.9211875200271606,0.9065468907356262,0.9536601305007935,0.9729745984077454,0.09832563996315002,0.0003616760659497231,,6.760387623216957e-05,,0.2964306175708771,,0.26600366830825806,,0.1343681961297989,,0.07621920853853226,,,,,,,,,,,,,,,,
,8.613310626523913e-05,1024,,,,,,,,,,,,,,,,,,,,,,,,,,,,,,,,,,,
64,,1029,,,,,,,,,,0.00030763447284698486,,5.894233254366554e-05,,0.32192909717559814,,0.25940513610839844,,0.13132593035697937,,0.07417654991149902,0.09621213376522064,,,,,,,,,,,,,,
64,,1039,,,,,,,,,,0.00030712608713656664,,3.835866300505586e-05,,0.26010003685951233,,0.2604190707206726,,0.12291763722896576,,0.06631620228290558,0.08806123584508896,,,,,,,,,,,,,,
64,,1039,,,,,,,,,,,,,,,,,,,,,,0.9568367004394531,1.0,1.0,0.925537109375,0.89105224609375,0.9400482177734375,0.965423583984375,0.1390291452407837,8.642300235806033e-05,6.4372775341325905e-06,0.2684738039970398,0.32158684730529785,0.19631195068359375,0.11195474117994308
64,,1039,0.9661422371864319,1.0,1.0,0.9211249947547913,0.9065155982971191,0.954464852809906,0.9733261466026306,0.09708473086357117,0.00037344222073443234,,6.341088010231033e-05,,0.29740267992019653,,0.2660232484340668,,0.13246680796146393,,0.07502400875091553,,,,,,,,,,,,,,,,
,8.190142503906802e-05,1040,,,,,,,,,,,,,,,,,,,,,,,,,,,,,,,,,,,
65,,1049,,,,,,,,,,0.0002925235021393746,,4.3448286305647343e-05,,0.2455517053604126,,0.30370932817459106,,0.13867159187793732,,0.07588370144367218,0.10005240887403488,,,,,,,,,,,,,,
65,,1055,,,,,,,,,,,,,,,,,,,,,,0.9578268527984619,1.0,1.0,0.925537109375,0.8907470703125,0.940582275390625,0.9666290283203125,0.13545671105384827,0.0001081169830285944,7.986985110619571e-06,0.2700955271720886,0.32148391008377075,0.19592130184173584,0.10727141052484512
65,,1055,0.9664504528045654,1.0,1.0,0.9211249947547913,0.9067187309265137,0.9546992182731628,0.9736660122871399,0.0957069844007492,0.00035112432669848204,,6.005749310133979e-05,,0.29575425386428833,,0.2664373517036438,,0.13115376234054565,,0.0735156387090683,,,,,,,,,,,,,,,,
,7.773694888474271e-05,1056,,,,,,,,,,,,,,,,,,,,,,,,,,,,,,,,,,,
66,,1059,,,,,,,,,,0.0005300376797094941,,5.504269211087376e-05,,0.3257702589035034,,0.2467867136001587,,0.1227518767118454,,0.06631514430046082,0.08816015720367432,,,,,,,,,,,,,,
66,,1069,,,,,,,,,,0.00031766589381732047,,4.379277379484847e-05,,0.2678529918193817,,0.2980407476425171,,0.14242786169052124,,0.08213193714618683,0.10543984174728394,,,,,,,,,,,,,,
66,,1071,,,,,,,,,,,,,,,,,,,,,,0.957655131816864,1.0,1.0,0.925537109375,0.8922119140625,0.9398193359375,0.9664993286132812,0.13498027622699738,9.643566590966657e-05,7.808172085788101e-06,0.26721280813217163,0.31978780031204224,0.19413810968399048,0.10723316669464111
66,,1071,0.9669904708862305,1.0,1.0,0.9211875200271606,0.9072343707084656,0.9547890424728394,0.9743300676345825,0.09450814872980118,0.0003827774489764124,,4.746939521282911e-05,,0.29569876194000244,,0.2652510106563568,,0.13034246861934662,,0.07219543308019638,,,,,,,,,,,,,,,,
,7.364378763744433e-05,1072,,,,,,,,,,,,,,,,,,,,,,,,,,,,,,,,,,,
67,,1079,,,,,,,,,,0.0004177940427325666,,3.6082015867577866e-05,,0.29823774099349976,,0.2703997790813446,,0.12122105062007904,,0.06559044122695923,0.08811366558074951,,,,,,,,,,,,,,
67,,1087,,,,,,,,,,,,,,,,,,,,,,0.9581730961799622,1.0,1.0,0.925537109375,0.8929443359375,0.9409637451171875,0.96685791015625,0.1341712772846222,8.976056415122002e-05,6.824704541941173e-06,0.26792651414871216,0.3202717900276184,0.19338630139827728,0.10630133002996445
67,,1087,0.9672644734382629,1.0,1.0,0.9211875200271606,0.9067031145095825,0.9552070498466492,0.9746240377426147,0.09398658573627472,0.00036848513991571963,,5.62415189051535e-05,,0.2966791093349457,,0.26620328426361084,,0.12957429885864258,,0.07161738723516464,,,,,,,,,,,,,,,,
,6.96259807531505e-05,1088,,,,,,,,,,,,,,,,,,,,,,,,,,,,,,,,,,,
68,,1089,,,,,,,,,,0.00032488908618688583,,4.0739396354183555e-05,,0.2978399991989136,,0.26823586225509644,,0.12791503965854645,,0.07038439810276031,0.09285926818847656,,,,,,,,,,,,,,
68,,1099,,,,,,,,,,0.0003367248282302171,,5.838306242367253e-05,,0.29801926016807556,,0.26044729351997375,,0.1376364678144455,,0.08046385645866394,0.10188090056180954,,,,,,,,,,,,,,
68,,1103,,,,,,,,,,,,,,,,,,,,,,0.9583562016487122,1.0,1.0,0.925537109375,0.89239501953125,0.940093994140625,0.9673538208007812,0.1336611807346344,8.999896090244874e-05,7.152526450227015e-06,0.26825228333473206,0.3206898272037506,0.19455084204673767,0.10529901087284088
68,,1103,0.9677758812904358,1.0,1.0,0.9211875200271606,0.9069530963897705,0.9560546875,0.9750781059265137,0.09219031035900116,0.00031463708728551865,,4.714466922450811e-05,,0.2952694296836853,,0.2639361321926117,,0.12693659961223602,,0.07004615664482117,,,,,,,,,,,,,,,,
,6.568749332218042e-05,1104,,,,,,,,,,,,,,,,,,,,,,,,,,,,,,,,,,,
69,,1109,,,,,,,,,,0.00030167613294906914,,8.715216245036572e-05,,0.30324792861938477,,0.26169097423553467,,0.12378862500190735,,0.06673978269100189,0.08910788595676422,,,,,,,,,,,,,,
69,,1119,,,,,,,,,,0.00031057323212735355,,2.7688813133863732e-05,,0.37026143074035645,,0.23996511101722717,,0.13023388385772705,,0.0742865800857544,0.09574483335018158,,,,,,,,,,,,,,
69,,1119,,,,,,,,,,,,,,,,,,,,,,0.9585050344467163,1.0,1.0,0.925537109375,0.8929443359375,0.9404144287109375,0.967437744140625,0.13390778005123138,7.903263758635148e-05,6.169057996885385e-06,0.2689032554626465,0.3203032612800598,0.19461728632450104,0.10562512278556824
69,,1119,0.9680161476135254,1.0,1.0,0.9211875200271606,0.9072187542915344,0.9560429453849792,0.9753847718238831,0.09137037396430969,0.00033483136212453246,,5.735759259550832e-05,,0.2947836220264435,,0.2626035511493683,,0.1266501098871231,,0.06911563128232956,,,,,,,,,,,,,,,,
,6.183221215612908e-05,1120,,,,,,,,,,,,,,,,,,,,,,,,,,,,,,,,,,,
70,,1129,,,,,,,,,,0.00027385744033381343,,2.9397939215414226e-05,,0.3371233344078064,,0.2515140771865845,,0.12007643282413483,,0.06633086502552032,0.08802464604377747,,,,,,,,,,,,,,
70,,1135,,,,,,,,,,,,,,,,,,,,,,0.959137499332428,1.0,1.0,0.925537109375,0.89111328125,0.9411163330078125,0.9682197570800781,0.1313512623310089,7.283422019099817e-05,6.13925567449769e-06,0.2686935067176819,0.3223331570625305,0.19322772324085236,0.10244108736515045
70,,1135,0.9684997200965881,1.0,1.0,0.9211249947547913,0.9065625071525574,0.9563632607460022,0.9759911894798279,0.09034399688243866,0.00031209830194711685,,0.00011761890345951542,,0.29387935996055603,,0.2645869851112366,,0.1259523183107376,,0.06781184673309326,,,,,,,,,,,,,,,,
,5.806394195205354e-05,1136,,,,,,,,,,,,,,,,,,,,,,,,,,,,,,,,,,,
71,,1139,,,,,,,,,,0.0003089619567617774,,3.90995446650777e-05,,0.30575454235076904,,0.2488117814064026,,0.12409275770187378,,0.07193876057863235,0.09249049425125122,,,,,,,,,,,,,,
71,,1149,,,,,,,,,,0.00024587722145952284,,3.2580832339590415e-05,,0.30466586351394653,,0.2614266574382782,,0.12968014180660248,,0.07046166807413101,0.09300893545150757,,,,,,,,,,,,,,
71,,1151,,,,,,,,,,,,,,,,,,,,,,0.9589629173278809,1.0,1.0,0.925537109375,0.89141845703125,0.9410552978515625,0.9679832458496094,0.13161252439022064,7.557583012385294e-05,5.960443104413571e-06,0.2672617435455322,0.3189874291419983,0.19316641986370087,0.10303614288568497
71,,1151,0.9687216281890869,1.0,1.0,0.9211249947547913,0.9077187776565552,0.9567773342132568,0.9761113524436951,0.08964797109365463,0.0002764663367997855,,4.8937927203951403e-05,,0.2963660657405853,,0.2631390690803528,,0.12430224567651749,,0.06734850257635117,,,,,,,,,,,,,,,,
,5.438640153769656e-05,1152,,,,,,,,,,,,,,,,,,,,,,,,,,,,,,,,,,,
72,,1159,,,,,,,,,,0.00032058439683169127,,4.635692675947212e-05,,0.307503342628479,,0.2557636499404907,,0.127863347530365,,0.06690807640552521,0.08977019786834717,,,,,,,,,,,,,,
72,,1167,,,,,,,,,,,,,,,,,,,,,,0.9592262506484985,1.0,1.0,0.925537109375,0.8924560546875,0.9408111572265625,0.9683303833007812,0.13128019869327545,7.545663538621739e-05,5.364401658880524e-06,0.2682538330554962,0.320237934589386,0.19216522574424744,0.1027497947216034
72,,1167,0.969064474105835,1.0,1.0,0.9211875200271606,0.9067656397819519,0.9569336175918579,0.9765878915786743,0.08844829350709915,0.00027827522717416286,,6.574345025001094e-05,,0.2965260446071625,,0.2625507116317749,,0.12458770722150803,,0.06571216881275177,,,,,,,,,,,,,,,,
,5.080322020145227e-05,1168,,,,,,,,,,,,,,,,,,,,,,,,,,,,,,,,,,,
73,,1169,,,,,,,,,,0.0002907593734562397,,3.339636168675497e-05,,0.2550486624240875,,0.2739073634147644,,0.11665977537631989,,0.06150589510798454,0.08385217189788818,,,,,,,,,,,,,,
73,,1179,,,,,,,,,,0.00029126793378964067,,5.427402720670216e-05,,0.3213246166706085,,0.2542142868041992,,0.11415661126375198,,0.06333889067173004,0.08461138606071472,,,,,,,,,,,,,,
73,,1183,,,,,,,,,,,,,,,,,,,,,,0.9593464136123657,1.0,1.0,0.925537109375,0.892578125,0.941131591796875,0.9684028625488281,0.1310787796974182,7.438383181579411e-05,5.662422609020723e-06,0.26819920539855957,0.31885403394699097,0.19380515813827515,0.10215865820646286
73,,1183,0.9693875908851624,1.0,1.0,0.9211875200271606,0.907953143119812,0.9570937752723694,0.9769042730331421,0.08782891184091568,0.00025342669687233865,,4.675325908465311e-05,,0.2967241406440735,,0.2624392807483673,,0.12288723886013031,,0.0653156116604805,,,,,,,,,,,,,,,,
,4.731793411069671e-05,1184,,,,,,,,,,,,,,,,,,,,,,,,,,,,,,,,,,,
74,,1189,,,,,,,,,,0.0002794145548250526,,3.4655815397854894e-05,,0.2973203957080841,,0.26476234197616577,,0.11945480108261108,,0.05811970308423042,0.08190281689167023,,,,,,,,,,,,,,
74,,1199,,,,,,,,,,0.0009419791167601943,,3.061804818571545e-05,,0.3002086281776428,,0.25491026043891907,,0.10317089408636093,,0.05089477449655533,0.07300121337175369,,,,,,,,,,,,,,
74,,1199,,,,,,,,,,,,,,,,,,,,,,0.9594236612319946,1.0,1.0,0.925537109375,0.8919677734375,0.9405517578125,0.96868896484375,0.13202618062496185,7.068861305015162e-05,4.857764906773809e-06,0.26781392097473145,0.32053130865097046,0.19505620002746582,0.10300999879837036
74,,1199,0.9695568084716797,1.0,1.0,0.9211249947547913,0.9073593616485596,0.9571874737739563,0.9771445393562317,0.08694947510957718,0.00033422894193790853,,4.8642625188222155e-05,,0.2958909571170807,,0.26233795285224915,,0.12261386960744858,,0.06423093378543854,,,,,,,,,,,,,,,,
,4.39339828220179e-05,1200,,,,,,,,,,,,,,,,,,,,,,,,,,,,,,,,,,,
75,,1209,,,,,,,,,,0.0002404560218565166,,5.1887349400203675e-05,,0.2780747413635254,,0.2622159421443939,,0.12090042233467102,,0.06518828868865967,0.08713170886039734,,,,,,,,,,,,,,
75,,1215,,,,,,,,,,,,,,,,,,,,,,0.9599330425262451,1.0,1.0,0.925537109375,0.89312744140625,0.941375732421875,0.9690895080566406,0.13003408908843994,7.188061863416806e-05,5.066379799245624e-06,0.26767516136169434,0.3190028965473175,0.19368568062782288,0.10079483687877655
75,,1215,0.9699949026107788,1.0,1.0,0.9211249947547913,0.9080312252044678,0.9581913948059082,0.9774355292320251,0.08580045402050018,0.00032381596975028515,,4.713696034741588e-05,,0.29568248987197876,,0.2614230811595917,,0.12022696435451508,,0.06335645169019699,,,,,,,,,,,,,,,,
,4.065470588678832e-05,1216,,,,,,,,,,,,,,,,,,,,,,,,,,,,,,,,,,,
76,,1219,,,,,,,,,,0.00023323678760789335,,3.079992166021839e-05,,0.2901815176010132,,0.26208704710006714,,0.1175595223903656,,0.06886766850948334,0.08940114825963974,,,,,,,,,,,,,,
76,,1229,,,,,,,,,,0.0002335403551114723,,2.532865255489014e-05,,0.2988906502723694,,0.2544185519218445,,0.12158253788948059,,0.06562446057796478,0.08746516704559326,,,,,,,,,,,,,,
76,,1231,,,,,,,,,,,,,,,,,,,,,,0.9599330425262451,1.0,1.0,0.925537109375,0.89227294921875,0.9413909912109375,0.9691390991210938,0.12945587933063507,6.842378934379667e-05,5.066379799245624e-06,0.2674117684364319,0.32032182812690735,0.19247429072856903,0.10024860501289368
76,,1231,0.9701575636863708,1.0,1.0,0.9211875200271606,0.9072656035423279,0.9579921960830688,0.9777490496635437,0.08529842644929886,0.0002665911160875112,,3.7293502828106284e-05,,0.2943587899208069,,0.26139646768569946,,0.12014800310134888,,0.06272941827774048,,,,,,,,,,,,,,,,
,3.7483339555431075e-05,1232,,,,,,,,,,,,,,,,,,,,,,,,,,,,,,,,,,,
77,,1239,,,,,,,,,,0.0003795840893872082,,2.6303521735826507e-05,,0.3055605888366699,,0.2598106265068054,,0.12362726777791977,,0.06016547232866287,0.08408451825380325,,,,,,,,,,,,,,
77,,1247,,,,,,,,,,,,,,,,,,,,,,0.9601104855537415,1.0,1.0,0.925537109375,0.8927001953125,0.941162109375,0.9694061279296875,0.129813551902771,6.782778655178845e-05,4.649149559554644e-06,0.2681592106819153,0.3178519308567047,0.19315415620803833,0.10069811344146729
77,,1247,0.9702959060668945,1.0,1.0,0.9211875200271606,0.9064062237739563,0.9579062461853027,0.9780088067054749,0.08460341393947601,0.0002882070548366755,,3.693355756695382e-05,,0.29559895396232605,,0.26073235273361206,,0.11978346109390259,,0.06191621720790863,,,,,,,,,,,,,,,,
,3.442301358363164e-05,1248,,,,,,,,,,,,,,,,,,,,,,,,,,,,,,,,,,,
78,,1249,,,,,,,,,,0.00036594353150576353,,3.353023930685595e-05,,0.29888230562210083,,0.26224279403686523,,0.10941152274608612,,0.05996086448431015,0.08130068331956863,,,,,,,,,,,,,,
78,,1259,,,,,,,,,,0.0005562358419410884,,3.2931733585428447e-05,,0.30179062485694885,,0.2696656584739685,,0.13376107811927795,,0.06649141013622284,0.09114871174097061,,,,,,,,,,,,,,
78,,1263,,,,,,,,,,,,,,,,,,,,,,0.9601104259490967,1.0,1.0,0.925537109375,0.89166259765625,0.94134521484375,0.9694252014160156,0.12957045435905457,6.568216485902667e-05,4.857764906773809e-06,0.26833900809288025,0.3195050358772278,0.19275449216365814,0.10036787390708923
78,,1263,0.9707165360450745,1.0,1.0,0.9211249947547913,0.9084062576293945,0.9588476419448853,0.9782099723815918,0.08415208011865616,0.00032244643080048263,,4.7529210860375315e-05,,0.2961496114730835,,0.2596723139286041,,0.11926289647817612,,0.06150228530168533,,,,,,,,,,,,,,,,
,3.147674814364645e-05,1264,,,,,,,,,,,,,,,,,,,,,,,,,,,,,,,,,,,
79,,1269,,,,,,,,,,0.0003281914978288114,,8.228079241234809e-05,,0.2832179069519043,,0.2730537950992584,,0.11554248631000519,,0.06132328137755394,0.08379597216844559,,,,,,,,,,,,,,
79,,1279,,,,,,,,,,0.00015563642955385149,,0.0003100975591223687,,0.2915467321872711,,0.2543998658657074,,0.12091897428035736,,0.057320475578308105,0.08102502673864365,,,,,,,,,,,,,,
79,,1279,,,,,,,,,,,,,,,,,,,,,,0.9604596495628357,1.0,1.0,0.925537109375,0.8924560546875,0.9416351318359375,0.9697685241699219,0.1285134255886078,6.305972783593461e-05,4.5299407247512136e-06,0.26804766058921814,0.3197454810142517,0.1920514851808548,0.09912411123514175
79,,1279,0.9708088636398315,1.0,1.0,0.9211875200271606,0.9077031016349792,0.9586601853370667,0.9784228801727295,0.08354881405830383,0.0002553163794800639,,9.723188122734427e-05,,0.294699490070343,,0.25991368293762207,,0.11883728206157684,,0.060812000185251236,,,,,,,,,,,,,,,,
,2.8647450843757908e-05,1280,,,,,,,,,,,,,,,,,,,,,,,,,,,,,,,,,,,
80,,1289,,,,,,,,,,0.0002692768757697195,,2.9779084798065014e-05,,0.2919856309890747,,0.270091712474823,,0.11095070838928223,,0.05189276486635208,0.07582388818264008,,,,,,,,,,,,,,
80,,1295,,,,,,,,,,,,,,,,,,,,,,0.9605626463890076,1.0,1.0,0.925537109375,0.8931884765625,0.9414520263671875,0.9699058532714844,0.1295003443956375,6.496695277746767e-05,4.500138857110869e-06,0.2681627869606018,0.32089000940322876,0.19321326911449432,0.10007590055465698
80,,1295,0.9711927175521851,1.0,1.0,0.9211875200271606,0.9092656373977661,0.9592890739440918,0.9786797165870667,0.08290655165910721,0.0002758319315034896,,3.3729273127391934e-05,,0.29469600319862366,,0.25957411527633667,,0.11721966415643692,,0.060381751507520676,,,,,,,,,,,,,,,,
,2.5937913858815748e-05,1296,,,,,,,,,,,,,,,,,,,,,,,,,,,,,,,,,,,
81,,1299,,,,,,,,,,0.0002107008476741612,,0.00010794434638228267,,0.3127174377441406,,0.24744369089603424,,0.11112946271896362,,0.05425148084759712,0.07680818438529968,,,,,,,,,,,,,,
81,,1309,,,,,,,,,,0.000261880224570632,,3.0639861506642774e-05,,0.2964417636394501,,0.25528866052627563,,0.11089126765727997,,0.05730505287647247,0.07923111319541931,,,,,,,,,,,,,,
81,,1311,,,,,,,,,,,,,,,,,,,,,,0.9606084227561951,1.0,1.0,0.925537109375,0.89300537109375,0.9410247802734375,0.9700851440429688,0.12850496172904968,6.329813186312094e-05,4.291523964639055e-06,0.2682303786277771,0.3192760646343231,0.19339169561862946,0.09880425035953522
81,,1311,0.9710785150527954,1.0,1.0,0.9211875200271606,0.9079843759536743,0.959097683429718,0.9786552786827087,0.08252320438623428,0.00024959759321063757,,6.022884190315381e-05,,0.29372480511665344,,0.2608269453048706,,0.11700141429901123,,0.05986209958791733,,,,,,,,,,,,,,,,
,2.3350811174697777e-05,1312,,,,,,,,,,,,,,,,,,,,,,,,,,,,,,,,,,,
82,,1319,,,,,,,,,,0.0002896434161812067,,2.8628099244087934e-05,,0.2847398817539215,,0.26763173937797546,,0.11114142835140228,,0.05679874122142792,0.07933977246284485,,,,,,,,,,,,,,
82,,1327,,,,,,,,,,,,,,,,,,,,,,0.9608058333396912,1.0,1.0,0.925537109375,0.892578125,0.94171142578125,0.9702033996582031,0.12850451469421387,6.770858453819528e-05,4.351128154667094e-06,0.267800509929657,0.3199668526649475,0.1926860511302948,0.09894360601902008
82,,1327,0.9711729884147644,1.0,1.0,0.9211249947547913,0.9077343940734863,0.9593867063522339,0.9787256121635437,0.08203002065420151,0.00026486898423172534,,4.9926773499464616e-05,,0.29629674553871155,,0.26040002703666687,,0.1161336898803711,,0.05940813943743706,,,,,,,,,,,,,,,,
,2.088869594940844e-05,1328,,,,,,,,,,,,,,,,,,,,,,,,,,,,,,,,,,,
83,,1329,,,,,,,,,,0.0003130933619104326,,4.617945523932576e-05,,0.36132878065109253,,0.24679315090179443,,0.12767371535301208,,0.06778615713119507,0.09060367196798325,,,,,,,,,,,,,,
83,,1339,,,,,,,,,,0.0002048435853794217,,6.16066754446365e-05,,0.30179768800735474,,0.25554895401000977,,0.12140573561191559,,0.06387225538492203,0.08620469272136688,,,,,,,,,,,,,,
83,,1343,,,,,,,,,,,,,,,,,,,,,,0.9607486724853516,1.0,1.0,0.925537109375,0.8914794921875,0.941619873046875,0.9702186584472656,0.12813903391361237,6.592056161025539e-05,4.261721642251359e-06,0.26774874329566956,0.3193895220756531,0.1927565634250641,0.09847569465637207
83,,1343,0.9715502262115479,1.0,1.0,0.9211249947547913,0.907953143119812,0.9595312476158142,0.9791787266731262,0.08160026371479034,0.0002888668386731297,,7.506785186706111e-05,,0.2956026792526245,,0.2594144940376282,,0.11650308966636658,,0.05881523713469505,,,,,,,,,,,,,,,,
,1.8553997993420465e-05,1344,,,,,,,,,,,,,,,,,,,,,,,,,,,,,,,,,,,
84,,1349,,,,,,,,,,0.0004325415939092636,,2.050229159067385e-05,,0.2792389988899231,,0.26124268770217896,,0.11315970122814178,,0.059183504432439804,0.0811433494091034,,,,,,,,,,,,,,
84,,1359,,,,,,,,,,0.0003472148673608899,,3.664268660941161e-05,,0.3231782913208008,,0.2447143793106079,,0.09504962712526321,,0.045226819813251495,0.06701687723398209,,,,,,,,,,,,,,
84,,1359,,,,,,,,,,,,,,,,,,,,,,0.9610262513160706,1.0,1.0,0.925537109375,0.8914794921875,0.941864013671875,0.9705276489257812,0.1271480917930603,6.48477507638745e-05,4.4405342123354785e-06,0.2674267292022705,0.3194098472595215,0.19173866510391235,0.09741299599409103
84,,1359,0.9715590476989746,1.0,1.0,0.9211249947547913,0.9075781106948853,0.9595702886581421,0.9792041182518005,0.0812225192785263,0.00025303426082246006,,4.879227708443068e-05,,0.29596662521362305,,0.25933244824409485,,0.11521764099597931,,0.05863266438245773,,,,,,,,,,,,,,,,
,1.6349021371744834e-05,1360,,,,,,,,,,,,,,,,,,,,,,,,,,,,,,,,,,,
85,,1369,,,,,,,,,,0.00022023398196324706,,2.343150663364213e-05,,0.30500707030296326,,0.26689860224723816,,0.10886139422655106,,0.050762757658958435,0.07458719611167908,,,,,,,,,,,,,,
85,,1375,,,,,,,,,,,,,,,,,,,,,,0.961031973361969,1.0,1.0,0.925537109375,0.892333984375,0.9415283203125,0.9705657958984375,0.1276024878025055,6.258291978156194e-05,4.2021174522233196e-06,0.26749956607818604,0.3204658329486847,0.19201354682445526,0.09788284450769424
85,,1375,0.9717230200767517,1.0,1.0,0.9211875200271606,0.9088281393051147,0.9595195055007935,0.9793564677238464,0.08102428913116455,0.0002503360447008163,,4.890719355898909e-05,,0.2955130934715271,,0.25746721029281616,,0.11567641794681549,,0.05837738886475563,,,,,,,,,,,,,,,,
,1.4275942130097098e-05,1376,,,,,,,,,,,,,,,,,,,,,,,,,,,,,,,,,,,
86,,1379,,,,,,,,,,0.00023014411272015423,,5.247501758276485e-05,,0.2632168233394623,,0.28829413652420044,,0.11929155141115189,,0.05532076209783554,0.0804760679602623,,,,,,,,,,,,,,
86,,1389,,,,,,,,,,0.0003313388442620635,,4.8945417802315205e-05,,0.32227393984794617,,0.24566327035427094,,0.1112581193447113,,0.05936504155397415,0.08069688081741333,,,,,,,,,,,,,,
86,,1391,,,,,,,,,,,,,,,,,,,,,,0.9610748887062073,1.0,1.0,0.925537109375,0.89215087890625,0.941741943359375,0.9705810546875,0.12768271565437317,6.353653589030728e-05,4.321325832279399e-06,0.2679681181907654,0.31976115703582764,0.1920761913061142,0.0980108454823494
86,,1391,0.9716513156890869,1.0,1.0,0.9211875200271606,0.9081718921661377,0.9596835970878601,0.9792607426643372,0.08101676404476166,0.0002463535638526082,,4.146267383475788e-05,,0.294514924287796,,0.2598108947277069,,0.11544482409954071,,0.0582943931221962,,,,,,,,,,,,,,,,
,1.2336806147402864e-05,1392,,,,,,,,,,,,,,,,,,,,,,,,,,,,,,,,,,,
87,,1399,,,,,,,,,,0.00023561815032735467,,5.100600537844002e-05,,0.2868756949901581,,0.26505494117736816,,0.12067331373691559,,0.06591973453760147,0.08787409961223602,,,,,,,,,,,,,,
87,,1407,,,,,,,,,,,,,,,,,,,,,,0.9610605835914612,1.0,1.0,0.925537109375,0.8916015625,0.941680908203125,0.970611572265625,0.12724636495113373,5.829164365422912e-05,4.142512807447929e-06,0.26773563027381897,0.32004621624946594,0.19229958951473236,0.09735916554927826
87,,1407,0.9718958735466003,1.0,1.0,0.9211875200271606,0.9087656140327454,0.9599101543426514,0.9794931411743164,0.08058347553014755,0.0002641695609781891,,3.6354063922772184e-05,,0.2951149344444275,,0.2589302062988281,,0.11499634385108948,,0.057874590158462524,,,,,,,,,,,,,,,,
,1.0533527116762298e-05,1408,,,,,,,,,,,,,,,,,,,,,,,,,,,,,,,,,,,
88,,1409,,,,,,,,,,0.00021883496083319187,,7.783235923852772e-05,,0.28479236364364624,,0.2633594274520874,,0.1114664077758789,,0.056320272386074066,0.0788421779870987,,,,,,,,,,,,,,
88,,1419,,,,,,,,,,0.00028247060254216194,,4.483392331167124e-05,,0.29500895738601685,,0.25606095790863037,,0.11730746179819107,,0.05640086904168129,0.0797756090760231,,,,,,,,,,,,,,
88,,1423,,,,,,,,,,,,,,,,,,,,,,0.9611435532569885,1.0,1.0,0.925537109375,0.89276123046875,0.941802978515625,0.9706192016601562,0.12736932933330536,6.09140915912576e-05,4.082908162672538e-06,0.26764822006225586,0.31931552290916443,0.1919683814048767,0.09765292704105377
88,,1423,0.9719670414924622,1.0,1.0,0.9211875200271606,0.9088437557220459,0.9597421884536743,0.9796249866485596,0.08034577965736389,0.00025425609783269465,,3.890599691658281e-05,,0.29491475224494934,,0.2585395276546478,,0.11494415998458862,,0.05759833753108978,,,,,,,,,,,,,,,,
,8.867884656866183e-06,1424,,,,,,,,,,,,,,,,,,,,,,,,,,,,,,,,,,,
89,,1429,,,,,,,,,,0.0001959269429789856,,3.399871275178157e-05,,0.26930689811706543,,0.2625221312046051,,0.10926253348588943,,0.05094034969806671,0.0741720050573349,,,,,,,,,,,,,,
89,,1439,,,,,,,,,,0.00019852309196721762,,3.129059405182488e-05,,0.3127771019935608,,0.24952802062034607,,0.12467147409915924,,0.057101309299468994,0.08158402144908905,,,,,,,,,,,,,,
89,,1439,,,,,,,,,,,,,,,,,,,,,,0.9611321687698364,1.0,1.0,0.925537109375,0.8919677734375,0.94171142578125,0.9706764221191406,0.12723903357982635,5.94836674281396e-05,4.112710485060234e-06,0.2677134871482849,0.31961914896965027,0.1922827661037445,0.0973806381225586
89,,1439,0.9719303846359253,1.0,1.0,0.9211249947547913,0.9087031483650208,0.9597578048706055,0.9795820116996765,0.0801827609539032,0.0002447129809297621,,3.9095950342016295e-05,,0.2941836714744568,,0.25826317071914673,,0.11519601196050644,,0.057346783578395844,,,,,,,,,,,,,,,,
,7.341522555726971e-06,1440,,,,,,,,,,,,,,,,,,,,,,,,,,,,,,,,,,,
90,,1449,,,,,,,,,,0.00025219336384907365,,2.687318919925019e-05,,0.3132432699203491,,0.245191752910614,,0.112468421459198,,0.05598018318414688,0.0782565176486969,,,,,,,,,,,,,,
90,,1455,,,,,,,,,,,,,,,,,,,,,,0.9611578583717346,1.0,1.0,0.925537109375,0.892822265625,0.9416046142578125,0.9706840515136719,0.12671490013599396,5.876845170860179e-05,4.202116997475969e-06,0.2677731513977051,0.3196928799152374,0.19132369756698608,0.09691619127988815
90,,1455,0.9718828201293945,1.0,1.0,0.9211875200271606,0.909250020980835,0.9596562385559082,0.9795088171958923,0.08028624206781387,0.00026387855177745223,,4.944020838593133e-05,,0.29352515935897827,,0.25812026858329773,,0.11525345593690872,,0.05748952552676201,,,,,,,,,,,,,,,,
,5.955947148458557e-06,1456,,,,,,,,,,,,,,,,,,,,,,,,,,,,,,,,,,,
91,,1459,,,,,,,,,,0.00031977525213733315,,3.838579141302034e-05,,0.34439826011657715,,0.2551676034927368,,0.11073353886604309,,0.05149848759174347,0.07540205866098404,,,,,,,,,,,,,,
91,,1469,,,,,,,,,,0.00023882932146079838,,5.3127278079045936e-05,,0.29869407415390015,,0.25601428747177124,,0.11196887493133545,,0.05855005234479904,0.08042766153812408,,,,,,,,,,,,,,
91,,1471,,,,,,,,,,,,,,,,,,,,,,0.9611979722976685,1.0,1.0,0.925537109375,0.89208984375,0.9417266845703125,0.9707527160644531,0.1272161602973938,5.721882189391181e-05,3.993502105004154e-06,0.267825722694397,0.3200792670249939,0.19250035285949707,0.09726524353027344
91,,1471,0.9719964265823364,1.0,1.0,0.9211249947547913,0.9082968831062317,0.9601445198059082,0.9795986413955688,0.08000529557466507,0.0002698616299312562,,3.6811718018725514e-05,,0.2972029447555542,,0.2591412663459778,,0.1145140677690506,,0.057178642600774765,,,,,,,,,,,,,,,,
,4.712525830705355e-06,1472,,,,,,,,,,,,,,,,,,,,,,,,,,,,,,,,,,,
92,,1479,,,,,,,,,,0.00021217048924881965,,2.9674902179976925e-05,,0.2628859579563141,,0.26601582765579224,,0.11345529556274414,,0.05727919191122055,0.07980217784643173,,,,,,,,,,,,,,
92,,1487,,,,,,,,,,,,,,,,,,,,,,0.961217999458313,1.0,1.0,0.925537109375,0.89312744140625,0.941864013671875,0.9706802368164062,0.12701688706874847,5.6265202147187665e-05,3.993502105004154e-06,0.2677927017211914,0.3199559450149536,0.19202175736427307,0.09712748974561691
92,,1487,0.9721208810806274,1.0,1.0,0.9211875200271606,0.908078134059906,0.9602734446525574,0.979745090007782,0.07983539998531342,0.0002373825991526246,,3.846227627946064e-05,,0.29502496123313904,,0.25931572914123535,,0.11398418992757797,,0.05710778012871742,,,,,,,,,,,,,,,,
,3.612485709187901e-06,1488,,,,,,,,,,,,,,,,,,,,,,,,,,,,,,,,,,,
93,,1489,,,,,,,,,,0.00024575862335041165,,3.0047742257011123e-05,,0.2791405916213989,,0.2565113306045532,,0.10677672922611237,,0.05203504487872124,0.07436049729585648,,,,,,,,,,,,,,
93,,1499,,,,,,,,,,0.0002108667977154255,,2.90809493890265e-05,,0.3568761944770813,,0.22103290259838104,,0.10083478689193726,,0.055613674223423004,0.07517843693494797,,,,,,,,,,,,,,
93,,1503,,,,,,,,,,,,,,,,,,,,,,0.9613896608352661,1.0,1.0,0.925537109375,0.892822265625,0.941925048828125,0.9709129333496094,0.12698259949684143,5.5549986427649856e-05,3.963699782616459e-06,0.26753219962120056,0.32010480761528015,0.19216784834861755,0.09704001247882843
93,,1503,0.9721773266792297,1.0,1.0,0.9211875200271606,0.9079843759536743,0.960378885269165,0.9797998070716858,0.07961083203554153,0.00022014486603438854,,4.047803668072447e-05,,0.29261887073516846,,0.25765833258628845,,0.11333786696195602,,0.0571112185716629,,,,,,,,,,,,,,,,
,2.6569123906966916e-06,1504,,,,,,,,,,,,,,,,,,,,,,,,,,,,,,,,,,,
94,,1509,,,,,,,,,,0.00027072062948718667,,5.4790016292827204e-05,,0.25334638357162476,,0.27301377058029175,,0.12397842109203339,,0.05610880255699158,0.08111414313316345,,,,,,,,,,,,,,
94,,1519,,,,,,,,,,0.00016038167814258486,,5.802009764011018e-05,,0.27839532494544983,,0.2546803951263428,,0.11397719383239746,,0.055941808968782425,0.07854713499546051,,,,,,,,,,,,,,
94,,1519,,,,,,,,,,,,,,,,,,,,,,0.9612094163894653,1.0,1.0,0.925537109375,0.8924560546875,0.941741943359375,0.9707412719726562,0.12706047296524048,5.6622808187967166e-05,3.963699782616459e-06,0.26769107580184937,0.31998276710510254,0.1920262575149536,0.09718437492847443
94,,1519,0.9721348285675049,1.0,1.0,0.9211249947547913,0.909250020980835,0.9598671793937683,0.9797929525375366,0.07971668988466263,0.00024630012921988964,,6.603913789149374e-05,,0.29540884494781494,,0.257748544216156,,0.11430957913398743,,0.05696004256606102,,,,,,,,,,,,,,,,
,1.8467489107293509e-06,1520,,,,,,,,,,,,,,,,,,,,,,,,,,,,,,,,,,,
95,,1529,,,,,,,,,,0.00022313387307804078,,3.075802669627592e-05,,0.32002803683280945,,0.22202269732952118,,0.09920845925807953,,0.05261530727148056,0.07223860174417496,,,,,,,,,,,,,,
95,,1535,,,,,,,,,,,,,,,,,,,,,,0.9611951112747192,1.0,1.0,0.925537109375,0.89190673828125,0.9416656494140625,0.9707756042480469,0.1270281970500946,5.6265202147187665e-05,3.9338974602287635e-06,0.2676375210285187,0.32012876868247986,0.19237464666366577,0.09704595804214478
95,,1535,0.9721114039421082,1.0,0.999750018119812,0.9211875200271606,0.9080156087875366,0.9603320360183716,0.9797226786613464,0.07980284094810486,0.00022011825058143586,,0.00027222090284340084,,0.29271209239959717,,0.25926074385643005,,0.11364136636257172,,0.05718876048922539,,,,,,,,,,,,,,,,
,1.1827948028283352e-06,1536,,,,,,,,,,,,,,,,,,,,,,,,,,,,,,,,,,,
96,,1539,,,,,,,,,,0.00018140071188099682,,5.317180330166593e-05,,0.2651631832122803,,0.26637375354766846,,0.10822078585624695,,0.054659586399793625,0.07689879834651947,,,,,,,,,,,,,,
96,,1549,,,,,,,,,,0.0002694933209568262,,4.171238106209785e-05,,0.28962427377700806,,0.25524353981018066,,0.12600326538085938,,0.059099938720464706,0.08332980424165726,,,,,,,,,,,,,,
96,,1551,,,,,,,,,,,,,,,,,,,,,,0.9612780809402466,1.0,1.0,0.925537109375,0.89276123046875,0.9416656494140625,0.9708328247070312,0.126937136054039,5.6503606174374e-05,3.963699782616459e-06,0.26764345169067383,0.31990933418273926,0.19229574501514435,0.09695790708065033
96,,1551,0.9721986055374146,1.0,1.0,0.9211249947547913,0.908578097820282,0.9601250290870667,0.979855477809906,0.07981206476688385,0.0002504648582544178,,4.739576252177358e-05,,0.2968074381351471,,0.25820690393447876,,0.11422263830900192,,0.05705847218632698,,,,,,,,,,,,,,,,
,6.657053095380005e-07,1552,,,,,,,,,,,,,,,,,,,,,,,,,,,,,,,,,,,
97,,1559,,,,,,,,,,0.00023593736113980412,,4.752797758555971e-05,,0.3221791982650757,,0.2609688639640808,,0.12343380600214005,,0.0633576288819313,0.08669199049472809,,,,,,,,,,,,,,
97,,1567,,,,,,,,,,,,,,,,,,,,,,0.9612895250320435,1.0,1.0,0.925537109375,0.892822265625,0.9417572021484375,0.9708213806152344,0.12692373991012573,5.638440416078083e-05,3.963699782616459e-06,0.2676588296890259,0.3199179768562317,0.19226178526878357,0.09694778174161911
97,,1567,0.9722549319267273,1.0,1.0,0.9211875200271606,0.9084218740463257,0.9604531526565552,0.9798574447631836,0.07953843474388123,0.00023913462064228952,,4.271914076525718e-05,,0.2953794002532959,,0.2582131028175354,,0.11373226344585419,,0.0568382628262043,,,,,,,,,,,,,,,,
,2.9599073575926616e-07,1568,,,,,,,,,,,,,,,,,,,,,,,,,,,,,,,,,,,
98,,1569,,,,,,,,,,0.000266311748418957,,5.4184642067411914e-05,,0.27139511704444885,,0.252236008644104,,0.1082182377576828,,0.04913545399904251,0.07216446101665497,,,,,,,,,,,,,,
98,,1579,,,,,,,,,,0.0002959056291729212,,0.00015466345939785242,,0.31507956981658936,,0.2544953227043152,,0.1025284081697464,,0.053269244730472565,0.0748167484998703,,,,,,,,,,,,,,
98,,1583,,,,,,,,,,,,,,,,,,,,,,0.9612780809402466,1.0,1.0,0.925537109375,0.8929443359375,0.9416961669921875,0.9708137512207031,0.12693341076374054,5.638440416078083e-05,3.963699782616459e-06,0.2676618695259094,0.3199259340763092,0.19225843250751495,0.09696096926927567
98,,1583,0.9724153876304626,1.0,1.0,0.9211875200271606,0.9085000157356262,0.9600781202316284,0.9801601767539978,0.07938547432422638,0.00025916736922226846,,5.0978607760043815e-05,,0.2955823838710785,,0.2590247690677643,,0.1141473576426506,,0.0564766488969326,,,,,,,,,,,,,,,,
,7.401594514025999e-08,1584,,,,,,,,,,,,,,,,,,,,,,,,,,,,,,,,,,,
99,,1589,,,,,,,,,,0.0002713702851906419,,3.0014205549377948e-05,,0.3010813891887665,,0.25801199674606323,,0.10193454474210739,,0.05335082858800888,0.07476700097322464,,,,,,,,,,,,,,
99,,1599,,,,,,,,,,0.00023936708748806268,,4.3865446059498936e-05,,0.26850277185440063,,0.27190595865249634,,0.10757265239953995,,0.0549294576048851,0.0772782415151596,,,,,,,,,,,,,,
99,,1599,,,,,,,,,,,,,,,,,,,,,,0.9612694978713989,1.0,1.0,0.925537109375,0.8929443359375,0.941650390625,0.9708137512207031,0.12693655490875244,5.638440416078083e-05,3.963699782616459e-06,0.26766297221183777,0.31993111968040466,0.19226175546646118,0.09696396440267563
99,,1599,0.9721274971961975,1.0,1.0,0.9211875200271606,0.9086406230926514,0.9601914286613464,0.979739248752594,0.07939907908439636,0.00022766854090150446,,3.3528627682244405e-05,,0.29302552342414856,,0.2588293254375458,,0.11326756328344345,,0.056766998022794724,,,,,,,,,,,,,,,,
