generated_index,hash,matched_split,matched_dataset_indices,num_dataset_matches
37,92989276c67d4a6d56dcc1801ebcbba13e5a27fa,train,86178,1
70,daa404c3c57714ce2a190082e4c2d4690f9a88cf,train,84300 84302,2
93,957e4d4048191fd6a538530fb61c07d25b8002b1,train,43425,1
98,4506797d7e7f8695bc683f8453dc50140a9ecbca,train,67472 67479 87288,3
114,51d736c074288801483e76c6116f7b25cae92d25,train,46652 46654,2
120,752a6db780f8f9344b07558763ade46ac8306863,train,1749,1
130,15c54a389e90c546e87ded681fa599f0e54cfeeb,train,53116 53118,2
135,a536a0429b967309f330cf441c205b3c21d69275,train,80169,1
195,1d45f1b88cf899e311881f5b179e75059d52250f,train,74460 74462,2
196,915f8b110c8e2821750fe6d4c194372117c005ec,train,2161,1
205,04c03c4b5d97614291df5a681e98a8ff34a2b270,train,46062,1
219,815960231f333508a36cb8fb297b00a8faf2e5f0,train,59724 59726,2
220,f250d14dcfbf224896e508419f6ecf8ea2f6c3b0,train,34619,1
277,34584996648d3fabd446864af3ce9ee015ce0213,train,77356 77358,2
281,edaf89a070542cc99f80f996831edaf6680700f3,train,32090,1
284,2a10d8b366e83dbea4a541bccaa9b894acf8f1c5,train,90043,1
301,1dd00401635b7543a40ef12473535396727117c0,train,33940 33942,2
324,5bf32e8481b3266dee9a40c2811615a2390752ab,train,4367,1
326,17c25fe47e6d4ee01437d034946bf5f5ad744291,train,29292 29294,2
329,bd3ca3f73d303dbf796948d3869815ec72a117d9,train,31962,1
348,35ce4389dbcd3de124457596a70eea4323218f6f,train,86676,1
369,89cc9e1a9effd9c0111e9c6a0b0af62895e2644f,train,52391,1
409,e1ca06bc18fba81729ff33b6262209c365d5d000,train,7629,1
443,8ad6e792194f400f022633484143e22ba3a8d716,train,82205,1
449,d3c505261d7030ee2445b1d237d64f4eee98fd05,train,8325,1
470,b0603baae8abb41ae99c9b025f3b938bf3a17157,train,56635,1
478,0db7a16c4ac0d7bb6925406edf6fc138fbffff24,train,90071,1
490,b11a4a4349dc5374013c6dfc19b8edfcf2cd9062,train,70550,1
556,70f8648a9c92d04f356102532b22076cd1e28df1,train,22319,1
561,71fb7512ef7f793cd28161d9c8469d4744bcd685,train,54934,1
568,7eb08e8d0b93bfbed537a2e8c5ab66d14c4e6742,train,16797,1
586,bef43132967798f35e0fe6672749fb64b6bc2c43,train,46413,1
592,bde6ada1763c2022fa29e1c76bca9c4f7ba46c22,train,53188 53190,2
648,29fb51fdaba5fa8dae96be85a8361b0cb1903b18,train,44115,1
651,8971db8e5dbbc4eb9f18db447392af1b0607bc05,train,41584 41591,2
659,7c42341a4320ba9799d5a57589e76d59ef3bb890,train,57403,1
682,3e0f5d3e5f94ecd7dd6bc83b2002cc37fd1f4cdf,train,10564 10566,2
685,44af77dd894b5caa7918bfcf0ab782eec40c6266,train,55860 55862,2
700,363f12e3e938a05b8443c6cc30da3f0bfcc8232c,train,14683,1
723,9151686ef19c73aca3d8af548fbd30e5cddeea08,train,73628 73630,2
777,ab1240980b79843acb7d2dec9ac6ee3ba9bab57c,train,69411,1
794,bb07ff5b27bb3dfe97a8a6dd24f8201bca212329,train,83612 83614,2
838,e351ff80c482e725917fe5e887383e85b1c10e10,train,74747,1
841,89cc9e1a9effd9c0111e9c6a0b0af62895e2644f,train,52391,1
874,d35e6b13800e8ab5e442f386fdad1d11fbd9eb2d,train,16330,1
875,4914bce9187d3fa8c92a847dad29e7dae340e92e,train,62996 62998,2
885,a09e73e42b1f78bda933481ef805b6bd184cfe1a,train,6668 6670,2
892,9151686ef19c73aca3d8af548fbd30e5cddeea08,train,73628 73630,2
922,b43876a4e3a10f3e8daebac68c80a9912a660b67,train,21757,1
978,40b5d4071daf6aaa3f5fdb89e8e81da7a050990f,train,53670,1
984,9945bbcbad1f34446c35f5d7e06091cbc905ee65,train,81763,1
1008,e08cf9fe6cea2b564da60f55608a9670d2d9acab,train,44752 44759,2
1012,59fa4c35595f9873fef5ec3ab00dfb653e973883,train,27379,1
1014,f6f85655012883d984e3a7e81f9c2590e64e0ff0,train,29722,1
1021,fda7ef31b782e91d50db31723c36d1eba5c4dc5a,train,751,1
1029,652d392bf0cd7bfdfed3d180f12911f974fac371,train,52163,1
1037,27a4736b722d46ed8b356ad539978cea40788b48,train,61315,1
1074,1cfd2400596bbbb2e0c13c10d1e1f6c44c6e1bd9,train,19291,1
1092,f4f6203d0b9b0c6a07283026d70ad1cfdd4d9b15,train,26680 26687,2
1139,862daa72ca5881cbc6d6a0ec65ae30354fafe65c,train,18189,1
1150,8349b52135915ba096862e253a3f8a14a878f7df,train,61200,1
1257,ef593bb81b93a72822d1e138275c57b5c3df17b4,train,15497,1
1319,3a88fd21b95781fbf5083ee37b8b398b6630f9d0,train,81932 81934,2
1341,7f5f1030f2c6fdbf8b8e4807af794093bafc9d6b,train,45124 45126,2
1370,9de691b6de9bac65e9a5c719e2f3dd878a028040,train,62037,1
1399,6c053aa8d4a237ab33ad1eb07a1c4e9a209e0933,train,4895,1
1534,7de8c973e44a4169172a616f7c45f2eab3042db9,train,38708 38710,2
1572,ff745957597ce8e722e1e69d707537c5aa9ba408,train,13669,1
1575,765b8cbe33d15e2db0af61aa7ae30d25e0046163,train,41740 41742,2
1617,2b3f7c79fa93812f6c39ddbaa5b32ca02ba1952c,train,64041,1
1680,76bf3dc975afbe193a73b5e743c0a72ca51524ff,train,58412 58414,2
1686,c157610ca80d3a850e63dec9aca7ed0654803656,train,90884 90886,2
1719,2bbe3162231c06b28e7378f1570220ecd179c25c,train,53138,1
1724,c93abe990b05694c9592e1b3f1c27281f7a1098b,train,14688,1
1729,75dbe5eb35721a5115d9e518c8459cc04f02a7c2,train,81533,1
1763,b7f10fff8c10e4c759b6e2320ee18f0ca79c360d,train,17636 17638,2
1783,c6c1213fa7a922e9862bdc420ebe58e3cb56b062,train,43627,1
1815,18809cbb4e27643c4efc93b8f141037e9f1c0c85,train,82369,1
1847,d295e7a5de2110ba6c855a44b86db075aeb4c925,train,79587,1
1904,d5321a3b36e44777b7838156edfff137bc167a1b,train,9069,1
1916,3a042e2bd6d83e231f70969ce95987ecf547502d,train,41548 41550,2
1998,fd081a0b462a80f06ba116192744d5589fe9df61,train,21917,1
2003,f2ee40411b09145ccaa42e962e1a7dc648658915,train,29163,1
2016,982cd2848287659c9a79c4e7cf9bd074e3a08d80,train,9962,1
2020,c4a66bbb7559253851343e28363dd32544723f64,train,39354,1
2063,c9163c05bb029b94932f56b6ae2263e919e463fc,train,35204 35206,2
2064,e711472ed97037b731f0905641fd2f70c6398159,train,81765,1
2088,fc370aa96d2239c60642b92b1daa6e74da4556b8,train,43317,1
2090,2b5f75421b048cbc6dcba4842537786dcb1852c0,train,41392 41399,2
2091,f3e84d2f42087e866de3cdda2dde893c7ab97e4e,train,44189,1
2133,c8501843be5fb202df2be6950ff1a710d26c0811,train,21692 21694,2
2256,53330b542232da956a03b4bd39a81385e8b4191e,train,72223,1
2259,58d321fb13e7a439e057855dda854614f01faa97,train,44978,1
2274,793c0c75c3e8fe3db3cdb1c6f2034291a61e5432,train,34594,1
2283,63e25cc23b5dce36e6ac8e2116788728bce454fb,train,71765,1
2305,eff55ad5e910ae08c844a9535864be1b5e09368e,train,80263,1
2378,aa9f0b8014846ae86f23361aa4a246c48aacae3f,train,68426,1
2391,d110b3e14124b0590af35255fcccc99182af9f68,train,46380 46382,2
2400,7c42341a4320ba9799d5a57589e76d59ef3bb890,train,57403,1
2462,08d397cefb3675a04ea4ae8211a6ba180cc2cd40,train,9068 9070,2
2492,06c70f57fa885900acadc6b7a8ae7640cbf50cc2,train,41547,1
2517,8855bf8bfe1772f6f5dcd6bd4c0c2689a4e5d821,train,72456,1
2562,30db4556c7012993d48c3c11ae1a288b4bf4ff41,train,10751,1
2629,a115b7fd3453645499451242cbbcb731b775ab89,train,1740 1742,2
2654,f3281fe2dd0729d63d6fa32f2b915aff30be8bbe,train,30100,1
2672,c2a59a92bc7c012a0fa4c1a5f71ef9207f19b322,train,59824 59831,2
2710,ef1abda54b541e909d9292020eac53912933bee3,train,29370,1
2770,8364a9219107d450bfecf7a0648e1a87c88c535f,train,19500 19502,2
2785,9205ddd9c20ac9134f21e1905085b5858a2d8336,train,87808,1
2796,a79a2933efac89f90aa5ae542b1dde147146e2bd,train,12140 12142,2
2807,1b47f5ea7e0278c80b622b65c9f77e99b9e8c73e,train,8677,1
2851,3f5837c6cc0640344a3b97a6e69ec8caec7acabf,train,21683,1
2854,397404aa22110e2bdc0fcc4dab19293b310d577e,train,26228 26230,2
2866,45aaf146ec9fe6fd2afc3763ae8d9e401eafa2cb,train,26647,1
2986,46ec6911ec69b449b739ead9648e9168fdfcc1d7,train,14901,1
2996,96d3295b4cc530aa36e7cbe29090f38ecf38d99a,train,43365,1
3024,2d132702a0c2510956bc52c570d8ef529e0b9639,train,78170,1
3102,4ea4f8052031b48c5b210532b25be360d032ed37,train,74642,1
3112,945791706785fda97f1174101fd97486cf168115,train,8802,1
3122,7fc6093b295d7fae9397ace80d7885efcd403ce9,train,35644 35646,2
3148,c640cf0b3c836ab12cd2e47252093da973e578e1,train,22236,1
3173,f19157b61b1f07ab81bad5f45c4840ed8c43c22a,train,46014,1
3220,6668ffd04acdd98de9c7f93564d29173e0c59a44,train,42919,1
3224,be9d17451d842663d3f85e61b5a09d11388c0866,train,89673,1
3266,98cea9e4e3f97db4de876774d98503d2c808f475,train,31122,1
3286,e52f37d7b7aa4034b39bceffa0ca598129266564,train,67583,1
3312,7e623460bde39bd077c5262efa174b32f88cec41,train,47307,1
3325,6f8544e51a3d45b4f52aa5bd711a245c7d557d4d,train,61891,1
3348,e00ce73fb71658b515061334cf31d4864dc399c2,train,78097,1
3359,6ffe49f051894296089a48cb7213d006de513101,train,59086,1
3369,4fb84029ac2ff68ea87df5f1710a647dbbb188db,train,77372,1
3386,86bfa7255169c62100d0ac5ae86076f6cbc9e17b,train,29324 29326,2
3403,ab905e13cf53baf4dd3d922657dc91c6729061bf,train,86492 86494,2
3404,c066ef74ab5235180b0e5ea90e1d0c59d74ade38,train,74159,1
3405,ef0764480cbb314448da09c1d4c4fd8e59cb0729,train,39627,1
3415,256fd84e979dba7f9a9093e90f5d1314034017d1,train,52164 52166,2
3440,a46a54111e30fe82d2be9d23d0c68b4a8092bc4f,train,41532 41534,2
3484,ec896a062aa6676ebc8512a32b8416d5286ec89d,train,91041,1
3537,fba60963b53945075065ab2dde003c590b1c608e,train,52589,1
3573,43c125f642741e5985896fd45b354468e81890ba,train,25613,1
3590,b5f2191c3c47a1dbebf527a148e6eecd3624b05b,train,59180 59182,2
3631,c0cd11f2fb32a8e91d85f2b7566f1e78cdf95166,train,8211,1
3643,c15cb1c1d07c36a9f225848cf9ff7f2814cd5404,train,73723,1
3663,db3e4fe8640d6ac580b319055d783655cc6b92e5,train,62439,1
3679,0530b83f5e30212b1da3179afc21e8293fafae41,train,17907,1
3690,bad22b223faeec4255a0d00f6a999a9d7ebb0291,train,13476 13478,2
3755,6a451c5c199359c5f87af1e06f04102f09db84cb,train,60772,1
3808,308d491409746c03f1c4e5a752ae87c40301506f,train,29020 29022,2
3810,7eb08e8d0b93bfbed537a2e8c5ab66d14c4e6742,train,16797,1
3852,8d453e0ed5435ba69b6380dd56dbfdc68dc578ba,train,22828 22830,2
3860,f8c2ecf42025765894bdb1d6b8143b70d56ab6a6,train,53517,1
3875,43a85a204e0c1edb5939eb02925cc55691514f1e,train,30985,1
3885,aa7c35c2f81ad94076bbe9bc1209b9c3078bfdac,train,13534,1
3925,93bfafb4c3fc36fe4f4ad662f2c8f2c8efc6d297,train,81843,1
3932,46a32666dd065992126f34974a596b6c58018f1b,train,45876 45878,2
3950,0865ac784faf19dfd14531d994e33591374c396d,train,37839,1
3954,10af15f3bb069a0a6b48a1a0d68e2da18b2fc83d,train,12547,1
194,f7754b79d04f6919200c5a60cd6795ad3e16c906,val,18029,1
708,b4758eef4325503cc9c9ab95c25105cd0ef055ab,val,29624,1
1038,ed8f062c59ed8976f29ae5e6be4ed53652f1bc34,val,58123,1
1306,3f7dc7a4c313154eebd76fd549e71736581dc9b5,val,55628 55630,2
1591,31c81297e7cf74ee8ae27c1becc59765bc67dad8,val,59746,1
1843,f90fa3bc62a9c31d719a68fa100e58b5695f4640,val,32993,1
1907,ebae7d4e524276d03a564243b468846cb534d04f,val,57318,1
2021,7ceab4214681dc2c3773d2d52e01559e571846a3,val,26787,1
2398,cf97f426a4ed7035f3561a49e4b3d5ea92786628,val,67773,1
2679,a6af72640282fcef67b40502a4ae171e6b58afdc,val,29172,1
2680,93de0a888292d3eccb2219bf260c3830f7a6f377,val,67771,1
3536,4b4c8837eb91d6eb63c6e8be73b1b5a1d9fb889e,val,11863,1
3669,f97599b2a8e0f2b5bc6467a77c4d55c386d168d9,val,34643,1
47,ab4015e370409062bb4918a8a6a6698cc75b337e,test,9770,1
239,49b0057890c9780be0bb9aaf691b62d3ab3b8dd4,test,65765,1
285,962e01f85c4b16d814d2e322c9163dfe137b5016,test,6675,1
549,8520a49fc4b7827519126594026df940654a2a2b,test,853,1
698,110861b43c66a1314da426034c6384e424b3ae04,test,10985,1
1868,d27c95af5b872526a1b90ad70fa1ab154d778497,test,4388 4390,2
1979,4657afaedf0c2fd58c627b14ea7876958dd9a863,test,27055,1
2467,f635241cfadeefbba5b534c21fd4a447244f12a9,test,58871,1
2930,37c130b6e7e94b936c56ee3c3a1273c5bb173c6d,test,38180 38182,2
3135,29f79c84dd69e0a6f5eb79825e2496e7d9ed4817,test,7861,1
3392,505ea0d1a1906470e9f5f87d32ee7b6323551789,test,60364 60366,2
