epoch,lr-AdamW,step,train/acc,train/acc_s0_1,train/acc_s1_2,train/acc_s2_4,train/acc_s3_8,train/acc_s4_16,train/acc_s5_32,train/loss_epoch,train/loss_s0_1_epoch,train/loss_s0_1_step,train/loss_s1_2_epoch,train/loss_s1_2_step,train/loss_s2_4_epoch,train/loss_s2_4_step,train/loss_s3_8_epoch,train/loss_s3_8_step,train/loss_s4_16_epoch,train/loss_s4_16_step,train/loss_s5_32_epoch,train/loss_s5_32_step,train/loss_step,val/acc,val/acc_s0_1,val/acc_s1_2,val/acc_s2_4,val/acc_s3_8,val/acc_s4_16,val/acc_s5_32,val/loss,val/loss_s0_1,val/loss_s1_2,val/loss_s2_4,val/loss_s3_8,val/loss_s4_16,val/loss_s5_32
,0.0003,0,,,,,,,,,,,,,,,,,,,,,,,,,,,,,,,,,,,
0,,9,,,,,,,,,,0.19879025220870972,,0.10650185495615005,,0.4588567614555359,,0.7195042371749878,,0.8102389574050903,,0.9476684331893921,0.9024530649185181,,,,,,,,,,,,,,
0,,15,,,,,,,,,,,,,,,,,,,,,,0.8285084962844849,1.0,1.0,0.91796875,0.87078857421875,0.848114013671875,0.8187294006347656,0.9156110286712646,0.1850302368402481,0.14840003848075867,0.5190833806991577,0.7361997365951538,0.8297451138496399,0.9581968784332275
0,,15,0.7806395888328552,0.9179999828338623,0.9474999904632568,0.8643749952316284,0.8016250133514404,0.799191415309906,0.7725957036018372,1.0789477825164795,0.7067500352859497,,0.40826496481895447,,0.7469534277915955,,1.0093566179275513,,1.0175491571426392,,1.1068177223205566,,,,,,,,,,,,,,,,
,0.0002999259840548597,16,,,,,,,,,,,,,,,,,,,,,,,,,,,,,,,,,,,
1,,19,,,,,,,,,,0.1479465216398239,,0.12104380875825882,,0.5047382116317749,,0.7380505800247192,,0.8005127906799316,,0.9257082939147949,0.8855676651000977,,,,,,,,,,,,,,
1,,29,,,,,,,,,,0.14477768540382385,,0.12219274044036865,,0.44991564750671387,,0.6973824501037598,,0.7774120569229126,,0.8937211036682129,0.8546905517578125,,,,,,,,,,,,,,
1,,31,,,,,,,,,,,,,,,,,,,,,,0.8285084962844849,1.0,1.0,0.91796875,0.87078857421875,0.848114013671875,0.8187294006347656,0.9089686274528503,0.13765498995780945,0.1197350025177002,0.5028398036956787,0.7314698100090027,0.8244966864585876,0.9513621926307678
1,,31,0.833620548248291,1.0,0.999750018119812,0.9249374866485596,0.874218761920929,0.8531992435455322,0.8239501714706421,0.8935797810554504,0.17463134229183197,,0.14819112420082092,,0.48356547951698303,,0.7201730608940125,,0.8068588972091675,,0.9361183047294617,,,,,,,,,,,,,,,,
,0.0002997040092642407,32,,,,,,,,,,,,,,,,,,,,,,,,,,,,,,,,,,,
2,,39,,,,,,,,,,0.11451522260904312,,0.09216950088739395,,0.46876466274261475,,0.7207449674606323,,0.803547739982605,,0.9329676032066345,0.890240490436554,,,,,,,,,,,,,,
2,,47,,,,,,,,,,,,,,,,,,,,,,0.8285084962844849,1.0,1.0,0.91796875,0.87078857421875,0.848114013671875,0.8187294006347656,0.85715252161026,0.11165250092744827,0.07581283897161484,0.48971712589263916,0.7030246257781982,0.7461098432540894,0.9040675163269043
2,,47,0.833620548248291,1.0,0.999750018119812,0.9249374866485596,0.874218761920929,0.8531992435455322,0.8239501714706421,0.8716328740119934,0.15503858029842377,,0.12583179771900177,,0.4630573093891144,,0.7046657800674438,,0.7787487506866455,,0.9152864813804626,,,,,,,,,,,,,,,,
,0.000299334294690462,48,,,,,,,,,,,,,,,,,,,,,,,,,,,,,,,,,,,
3,,49,,,,,,,,,,0.1440097689628601,,0.09440159797668457,,0.44027194380760193,,0.672827959060669,,0.7164649963378906,,0.8789301514625549,0.8308178782463074,,,,,,,,,,,,,,
3,,59,,,,,,,,,,0.14994913339614868,,0.07114135473966599,,0.3803904056549072,,0.6059525012969971,,0.6680004596710205,,0.8327100872993469,0.7831538915634155,,,,,,,,,,,,,,
3,,63,,,,,,,,,,,,,,,,,,,,,,0.8282852172851562,1.0,1.0,0.91796875,0.87078857421875,0.846893310546875,0.8187370300292969,0.7929571270942688,0.10736409574747086,0.04095345363020897,0.45507103204727173,0.595836341381073,0.6846811175346375,0.8412325978279114
3,,63,0.8334754109382629,1.0,0.999750018119812,0.9249374866485596,0.874218761920929,0.852425754070282,0.8239501714706421,0.8053207397460938,0.1522173434495926,,0.08214185386896133,,0.4349425435066223,,0.6351574063301086,,0.6906818151473999,,0.8538655638694763,,,,,,,,,,,,,,,,
,0.0002988172051971717,64,,,,,,,,,,,,,,,,,,,,,,,,,,,,,,,,,,,
4,,69,,,,,,,,,,0.09607095271348953,,0.03143847733736038,,0.45929378271102905,,0.5769960880279541,,0.669475793838501,,0.8212088346481323,0.7742138504981995,,,,,,,,,,,,,,
4,,79,,,,,,,,,,0.06617947667837143,,0.016738325357437134,,0.41986680030822754,,0.5473989248275757,,0.6300314664840698,,0.7565392851829529,0.7163874506950378,,,,,,,,,,,,,,
4,,79,,,,,,,,,,,,,,,,,,,,,,0.8290836811065674,1.0,1.0,0.91796875,0.86456298828125,0.847503662109375,0.820037841796875,0.7247743606567383,0.06022220104932785,0.015156161040067673,0.42560505867004395,0.5649901628494263,0.6409766674041748,0.7638056874275208
4,,79,0.8333384394645691,1.0,0.999750018119812,0.9249374866485596,0.8720937371253967,0.8524336218833923,0.823898434638977,0.7412301898002625,0.10413909703493118,,0.0339052639901638,,0.4121553897857666,,0.5644308924674988,,0.6403642296791077,,0.7860235571861267,,,,,,,,,,,,,,,,
,0.00029815325108927063,80,,,,,,,,,,,,,,,,,,,,,,,,,,,,,,,,,,,
5,,89,,,,,,,,,,0.05675573647022247,,0.013217328116297722,,0.3926396071910858,,0.5651131868362427,,0.6326314806938171,,0.7325542569160461,0.6993760466575623,,,,,,,,,,,,,,
5,,95,,,,,,,,,,,,,,,,,,,,,,0.8287774324417114,1.0,1.0,0.91796875,0.86639404296875,0.84765625,0.8194770812988281,0.6903454065322876,0.03852340206503868,0.009895260445773602,0.40972447395324707,0.5569854378700256,0.6248279213905334,0.722739040851593
5,,95,0.8338176012039185,1.0,0.999750018119812,0.9249374866485596,0.8718125224113464,0.8530859351158142,0.8243916034698486,0.6877714395523071,0.06128876283764839,,0.01643809862434864,,0.3927672803401947,,0.5494294762611389,,0.6148449182510376,,0.7224929928779602,,,,,,,,,,,,,,,,
,0.00029734308760930326,96,,,,,,,,,,,,,,,,,,,,,,,,,,,,,,,,,,,
6,,99,,,,,,,,,,0.0459878146648407,,0.04430479556322098,,0.33468955755233765,,0.48855483531951904,,0.5620620846748352,,0.6570173501968384,0.6252889633178711,,,,,,,,,,,,,,
6,,109,,,,,,,,,,0.035611435770988464,,0.014114699326455593,,0.3554229140281677,,0.5475431680679321,,0.6010427474975586,,0.6592804193496704,0.6372100114822388,,,,,,,,,,,,,,
6,,111,,,,,,,,,,,,,,,,,,,,,,0.8342490792274475,1.0,1.0,0.91796875,0.87274169921875,0.8506622314453125,0.82562255859375,0.6486087441444397,0.025242894887924194,0.011903808452188969,0.40454450249671936,0.5469843745231628,0.6144375205039978,0.6704124808311462
6,,111,0.8359919190406799,1.0,0.999750018119812,0.9249374866485596,0.8739843964576721,0.853765606880188,0.8269843459129333,0.6490508913993835,0.04077795520424843,,0.015379124321043491,,0.3856492340564728,,0.5358618497848511,,0.5956194400787354,,0.6766679883003235,,,,,,,,,,,,,,,,
,0.00029638751429081204,112,,,,,,,,,,,,,,,,,,,,,,,,,,,,,,,,,,,
7,,119,,,,,,,,,,0.029811842367053032,,0.008991614915430546,,0.3341570794582367,,0.5071584582328796,,0.5754367113113403,,0.6312434673309326,0.6092128753662109,,,,,,,,,,,,,,
7,,127,,,,,,,,,,,,,,,,,,,,,,0.8413347005844116,1.0,1.0,0.91796875,0.87274169921875,0.852996826171875,0.8344841003417969,0.6017575860023499,0.01907680556178093,0.00947675108909607,0.40162205696105957,0.5250834226608276,0.5917682647705078,0.6150568127632141
7,,127,0.8410761952400208,1.0,0.999750018119812,0.9249374866485596,0.8755468726158142,0.8555546998977661,0.8332167863845825,0.6082407236099243,0.03077850490808487,,0.01271461509168148,,0.3778553903102875,,0.5218411087989807,,0.5795789957046509,,0.6272960901260376,,,,,,,,,,,,,,,,
,0.0002952874741692946,128,,,,,,,,,,,,,,,,,,,,,,,,,,,,,,,,,,,
8,,129,,,,,,,,,,0.02810003235936165,,0.011879483237862587,,0.41619792580604553,,0.5287450551986694,,0.5946088433265686,,0.6415136456489563,0.6224939823150635,,,,,,,,,,,,,,
8,,139,,,,,,,,,,0.023821264505386353,,0.007906515151262283,,0.32565635442733765,,0.46312639117240906,,0.5119584202766418,,0.5411553382873535,0.5275534987449646,,,,,,,,,,,,,,
8,,143,,,,,,,,,,,,,,,,,,,,,,0.8444769382476807,1.0,1.0,0.91796875,0.88067626953125,0.8616790771484375,0.8360061645507812,0.5724706053733826,0.014141587540507317,0.004384876694530249,0.4010827839374542,0.4925660789012909,0.5396733283996582,0.5911061763763428
8,,143,0.8454842567443848,1.0,0.999750018119812,0.9249374866485596,0.8781406283378601,0.8583593964576721,0.8382294774055481,0.5739336609840393,0.02539881132543087,,0.010867803357541561,,0.37793633341789246,,0.49704912304878235,,0.552347719669342,,0.589932918548584,,,,,,,,,,,,,,,,
,0.00029404405285154137,144,,,,,,,,,,,,,,,,,,,,,,,,,,,,,,,,,,,
9,,149,,,,,,,,,,0.016018088907003403,,0.038521021604537964,,0.4199881851673126,,0.4928584098815918,,0.5221836566925049,,0.5847780108451843,0.5647799372673035,,,,,,,,,,,,,,
9,,159,,,,,,,,,,0.012594291940331459,,0.00457417406141758,,0.4031255841255188,,0.45899420976638794,,0.49012985825538635,,0.5667589902877808,0.5433633923530579,,,,,,,,,,,,,,
9,,159,,,,,,,,,,,,,,,,,,,,,,0.8489526510238647,1.0,1.0,0.91796875,0.8878173828125,0.867034912109375,0.8401870727539062,0.5529488921165466,0.009109129197895527,0.0033044512383639812,0.4007450044155121,0.45997822284698486,0.4899807572364807,0.5795578956604004
9,,159,0.8480790853500366,1.0,0.999750018119812,0.9249374866485596,0.883718729019165,0.8657460808753967,0.8394931554794312,0.5483014583587646,0.016332117840647697,,0.00735841691493988,,0.37676024436950684,,0.4650333821773529,,0.499822735786438,,0.5709381699562073,,,,,,,,,,,,,,,,
,0.0002926584774442729,160,,,,,,,,,,,,,,,,,,,,,,,,,,,,,,,,,,,
10,,169,,,,,,,,,,0.01232871413230896,,0.0034400445874780416,,0.3191646933555603,,0.41100525856018066,,0.44554153084754944,,0.5190674066543579,0.49598589539527893,,,,,,,,,,,,,,
10,,175,,,,,,,,,,,,,,,,,,,,,,0.8499199151992798,1.0,1.0,0.91796875,0.8905029296875,0.869049072265625,0.8408050537109375,0.5362023115158081,0.007908224128186703,0.002611059695482254,0.4012695550918579,0.4387543201446533,0.47285589575767517,0.5628379583358765
10,,175,0.8499047756195068,1.0,0.999750018119812,0.9249374866485596,0.8877187371253967,0.868765652179718,0.8409218788146973,0.5329442620277405,0.011939074844121933,,0.005738263484090567,,0.3771829605102539,,0.4415492117404938,,0.47560033202171326,,0.5579943656921387,,,,,,,,,,,,,,,,
,0.00029113211534313374,176,,,,,,,,,,,,,,,,,,,,,,,,,,,,,,,,,,,
11,,179,,,,,,,,,,0.012384205125272274,,0.0032090875320136547,,0.3849552273750305,,0.4631524384021759,,0.49367642402648926,,0.5825741291046143,0.5558705925941467,,,,,,,,,,,,,,
11,,189,,,,,,,,,,0.0110696479678154,,0.002461937954649329,,0.34533238410949707,,0.4316326975822449,,0.4821147322654724,,0.556679368019104,0.5323309898376465,,,,,,,,,,,,,,
11,,191,,,,,,,,,,,,,,,,,,,,,,0.8509873151779175,1.0,1.0,0.91796875,0.89215087890625,0.869903564453125,0.8419113159179688,0.5278786420822144,0.007807453162968159,0.0020229651127010584,0.401265025138855,0.42853522300720215,0.46421554684638977,0.5545437335968018
11,,191,0.8508358597755432,1.0,0.999750018119812,0.9249374866485596,0.8879218697547913,0.8699687719345093,0.8418496251106262,0.5216798186302185,0.010907829739153385,,0.005101595539599657,,0.37559258937835693,,0.43036866188049316,,0.46315404772758484,,0.5468173623085022,,,,,,,,,,,,,,,,
,0.0002894664728832376,192,,,,,,,,,,,,,,,,,,,,,,,,,,,,,,,,,,,
12,,199,,,,,,,,,,0.009202325716614723,,0.0021634113509207964,,0.3961184620857239,,0.4098055362701416,,0.4680960774421692,,0.5527108907699585,0.5262944102287292,,,,,,,,,,,,,,
12,,207,,,,,,,,,,,,,,,,,,,,,,0.8490928411483765,1.0,1.0,0.91796875,0.8927001953125,0.868682861328125,0.8396568298339844,0.5259184837341309,0.005908997263759375,0.001678360509686172,0.4009135365486145,0.42536717653274536,0.46178606152534485,0.5527448654174805
12,,207,0.8514578938484192,1.0,0.999750018119812,0.9249374866485596,0.8897500038146973,0.870480477809906,0.8424365520477295,0.5142391920089722,0.009232810698449612,,0.004417922347784042,,0.37501510977745056,,0.42115136981010437,,0.4568673372268677,,0.539060115814209,,,,,,,,,,,,,,,,
,0.0002876631938525971,208,,,,,,,,,,,,,,,,,,,,,,,,,,,,,,,,,,,
13,,209,,,,,,,,,,0.0074163395911455154,,0.0018769220914691687,,0.4288761019706726,,0.46362483501434326,,0.5097433924674988,,0.5964926481246948,0.569854736328125,,,,,,,,,,,,,,
13,,219,,,,,,,,,,0.0065772151574492455,,0.03745264932513237,,0.37171992659568787,,0.437028706073761,,0.46009746193885803,,0.5543268918991089,0.5270984768867493,,,,,,,,,,,,,,
13,,223,,,,,,,,,,,,,,,,,,,,,,0.8519202470779419,1.0,1.0,0.91796875,0.89178466796875,0.87103271484375,0.8428955078125,0.5183888673782349,0.004075555596500635,0.0012161952909082174,0.40402504801750183,0.4226366877555847,0.46076011657714844,0.5430899858474731
13,,223,0.8517876267433167,1.0,0.999750018119812,0.9249374866485596,0.889578104019165,0.8706874847412109,0.8428349494934082,0.5084773302078247,0.007315556984394789,,0.004014141857624054,,0.37319836020469666,,0.4161190390586853,,0.452840656042099,,0.5327326059341431,,,,,,,,,,,,,,,,
,0.0002857240578699029,224,,,,,,,,,,,,,,,,,,,,,,,,,,,,,,,,,,,
14,,229,,,,,,,,,,0.006676447577774525,,0.001551110646687448,,0.3890106678009033,,0.4445078372955322,,0.48821333050727844,,0.5651339292526245,0.540926992893219,,,,,,,,,,,,,,
14,,239,,,,,,,,,,0.0060785249806940556,,0.0014901934191584587,,0.33475223183631897,,0.3756951093673706,,0.4261086583137512,,0.511546790599823,0.485216349363327,,,,,,,,,,,,,,
14,,239,,,,,,,,,,,,,,,,,,,,,,0.8505866527557373,1.0,1.0,0.91796875,0.89202880859375,0.868560791015625,0.8417205810546875,0.5161764621734619,0.004210061393678188,0.0011872256873175502,0.40317028760910034,0.4226028323173523,0.45437562465667725,0.5417523980140686
14,,239,0.8521736264228821,1.0,0.999750018119812,0.9249374866485596,0.8900312781333923,0.871332049369812,0.8431601524353027,0.5045874714851379,0.0063005671836435795,,0.0037860763259232044,,0.3729119896888733,,0.41517847776412964,,0.4476297199726105,,0.5289152264595032,,,,,,,,,,,,,,,,
,0.00028365097862825513,240,,,,,,,,,,,,,,,,,,,,,,,,,,,,,,,,,,,
15,,249,,,,,,,,,,0.005480816587805748,,0.0012430796632543206,,0.3753587305545807,,0.44004595279693604,,0.45827046036720276,,0.5366613864898682,0.5135806798934937,,,,,,,,,,,,,,
15,,255,,,,,,,,,,,,,,,,,,,,,,0.8522407412528992,1.0,1.0,0.91796875,0.89227294921875,0.8715667724609375,0.8431587219238281,0.5110428929328918,0.0037206250708550215,0.0010424163192510605,0.39905795454978943,0.4177311658859253,0.44847267866134644,0.536754846572876
15,,255,0.8524227142333984,1.0,0.999750018119812,0.9249374866485596,0.8900781273841858,0.871945321559906,0.8433359265327454,0.5001155734062195,0.005732670892030001,,0.003638274036347866,,0.3729221522808075,,0.411381334066391,,0.44337722659111023,,0.524255633354187,,,,,,,,,,,,,,,,
,0.0002814460020065795,256,,,,,,,,,,,,,,,,,,,,,,,,,,,,,,,,,,,
16,,259,,,,,,,,,,0.005705975461751223,,0.0013173335464671254,,0.3663448393344879,,0.40342289209365845,,0.4412934184074402,,0.5270078182220459,0.5013323426246643,,,,,,,,,,,,,,
16,,269,,,,,,,,,,0.005730459000915289,,0.0012036231346428394,,0.4147575795650482,,0.41128766536712646,,0.4460887908935547,,0.5279028415679932,0.5038390755653381,,,,,,,,,,,,,,
16,,271,,,,,,,,,,,,,,,,,,,,,,0.8512820601463318,1.0,1.0,0.91796875,0.8934326171875,0.8720855712890625,0.8416786193847656,0.5107868909835815,0.0034617993514984846,0.0009947484359145164,0.4018654227256775,0.4189090132713318,0.44913724064826965,0.5361303091049194
16,,271,0.8529061675071716,1.0,0.999750018119812,0.9249374866485596,0.8905781507492065,0.8725078105926514,0.8438085913658142,0.4970122277736664,0.005523826461285353,,0.003706545103341341,,0.37050262093544006,,0.41152793169021606,,0.43909549713134766,,0.521217942237854,,,,,,,,,,,,,,,,
,0.0002791113040505915,272,,,,,,,,,,,,,,,,,,,,,,,,,,,,,,,,,,,
17,,279,,,,,,,,,,0.005787397734820843,,0.0012497107964009047,,0.3085588812828064,,0.38556399941444397,,0.41728612780570984,,0.4849626421928406,0.4637734889984131,,,,,,,,,,,,,,
17,,287,,,,,,,,,,,,,,,,,,,,,,0.8523838520050049,1.0,1.0,0.91796875,0.89288330078125,0.8726348876953125,0.8430442810058594,0.5061480402946472,0.003929632715880871,0.0008619381696917117,0.4012502133846283,0.4177709221839905,0.44350743293762207,0.5314350128173828
17,,287,0.8535794615745544,1.0,0.999750018119812,0.9249374866485596,0.8908125162124634,0.8730546832084656,0.8445546627044678,0.4927172362804413,0.005305229686200619,,0.00360687798820436,,0.37289193272590637,,0.41242140531539917,,0.4361359775066376,,0.516139805316925,,,,,,,,,,,,,,,,
,0.00027664918882530225,288,,,,,,,,,,,,,,,,,,,,,,,,,,,,,,,,,,,
18,,289,,,,,,,,,,0.00637061707675457,,0.0011249675881117582,,0.37583717703819275,,0.4269871413707733,,0.4291980564594269,,0.5125855803489685,0.48946064710617065,,,,,,,,,,,,,,
18,,299,,,,,,,,,,0.004714866168797016,,0.039994947612285614,,0.3744048476219177,,0.4357091188430786,,0.4476298987865448,,0.5282048583030701,0.5051396489143372,,,,,,,,,,,,,,
18,,303,,,,,,,,,,,,,,,,,,,,,,0.8536115288734436,1.0,1.0,0.91796875,0.893310546875,0.8736724853515625,0.8443946838378906,0.5019298791885376,0.003780956845730543,0.0007732914527878165,0.4007931649684906,0.41530418395996094,0.4395989179611206,0.5269510746002197
18,,303,0.8542447090148926,1.0,0.999750018119812,0.9249374866485596,0.8907812237739563,0.8740820288658142,0.8451865315437317,0.4893718957901001,0.005681394599378109,,0.0035988246090710163,,0.36936768889427185,,0.4093104302883148,,0.4321465492248535,,0.5129269957542419,,,,,,,,,,,,,,,,
,0.00027406208614118424,304,,,,,,,,,,,,,,,,,,,,,,,,,,,,,,,,,,,
19,,309,,,,,,,,,,0.006471465341746807,,0.0010021696798503399,,0.4184267520904541,,0.4124607741832733,,0.4461326599121094,,0.5284856557846069,0.5043824911117554,,,,,,,,,,,,,,
19,,319,,,,,,,,,,0.006467682309448719,,0.0009656416368670762,,0.30766597390174866,,0.3611970543861389,,0.3788559138774872,,0.45035320520401,0.4294493794441223,,,,,,,,,,,,,,
19,,319,,,,,,,,,,,,,,,,,,,,,,0.8535914421081543,1.0,1.0,0.91796875,0.89459228515625,0.8740386962890625,0.8441963195800781,0.5013449788093567,0.0045167566277086735,0.0007144493283703923,0.39934056997299194,0.41520532965660095,0.43964481353759766,0.526188313961029
19,,319,0.8547332882881165,1.0,0.999750018119812,0.9249374866485596,0.8910781145095825,0.8747929930686951,0.8456416130065918,0.4860868453979492,0.0060399360954761505,,0.0034506451338529587,,0.37038397789001465,,0.4064270555973053,,0.42888182401657104,,0.5095288157463074,,,,,,,,,,,,,,,,
,0.0002713525491562421,320,,,,,,,,,,,,,,,,,,,,,,,,,,,,,,,,,,,
20,,329,,,,,,,,,,0.008108415640890598,,0.001032928004860878,,0.34557369351387024,,0.4108268618583679,,0.4114410877227783,,0.4750032126903534,0.456825315952301,,,,,,,,,,,,,,
20,,335,,,,,,,,,,,,,,,,,,,,,,0.8538576364517212,1.0,1.0,0.91796875,0.89410400390625,0.8736724853515625,0.8446731567382812,0.49868243932724,0.004763564094901085,0.000724154815543443,0.40406978130340576,0.4149996042251587,0.43732285499572754,0.5231583118438721
20,,335,0.8555312156677246,1.0,0.999750018119812,0.9249374866485596,0.8914218544960022,0.8754023313522339,0.8465312719345093,0.4831920564174652,0.006932601798325777,,0.0034926971420645714,,0.3692399561405182,,0.4059724807739258,,0.42720070481300354,,0.5061355233192444,,,,,,,,,,,,,,,,
,0.00026852325185635354,336,,,,,,,,,,,,,,,,,,,,,,,,,,,,,,,,,,,
21,,339,,,,,,,,,,0.00650724396109581,,0.0009601166239008307,,0.325786292552948,,0.3829750120639801,,0.3896372616291046,,0.4707445800304413,0.4480021595954895,,,,,,,,,,,,,,
21,,349,,,,,,,,,,0.00806833803653717,,0.001017816481180489,,0.31410157680511475,,0.41596564650535583,,0.4067075252532959,,0.49134981632232666,0.46807244420051575,,,,,,,,,,,,,,
21,,351,,,,,,,,,,,,,,,,,,,,,,0.8531049489974976,1.0,1.0,0.91796875,0.88800048828125,0.8742828369140625,0.8438987731933594,0.4975208342075348,0.005731695331633091,0.0007001493941061199,0.4002643823623657,0.4246387481689453,0.43450677394866943,0.5217700004577637
21,,351,0.8563135266304016,1.0,0.999750018119812,0.9249374866485596,0.8918593525886536,0.8763437271118164,0.8473114967346191,0.478829562664032,0.0073166401125490665,,0.003444265341386199,,0.36909741163253784,,0.40441596508026123,,0.4230194091796875,,0.5014649629592896,,,,,,,,,,,,,,,,
,0.0002655769864163684,352,,,,,,,,,,,,,,,,,,,,,,,,,,,,,,,,,,,
22,,359,,,,,,,,,,0.007201396394520998,,0.0009626339306123555,,0.33965641260147095,,0.3927564322948456,,0.39976269006729126,,0.48531487584114075,0.46145325899124146,,,,,,,,,,,,,,
22,,367,,,,,,,,,,,,,,,,,,,,,,0.8543756008148193,1.0,1.0,0.91796875,0.8944091796875,0.8748626708984375,0.8450469970703125,0.49461469054222107,0.005418732296675444,0.0006957682780921459,0.4040825366973877,0.4165026843547821,0.4327816367149353,0.5187765955924988
22,,367,0.8565818667411804,1.0,0.999750018119812,0.9249374866485596,0.8913750052452087,0.8769570589065552,0.8475459218025208,0.4764050543308258,0.008118045516312122,,0.0034477526787668467,,0.3689270317554474,,0.40370628237724304,,0.4200306832790375,,0.49902647733688354,,,,,,,,,,,,,,,,
,0.00026251666044456895,368,,,,,,,,,,,,,,,,,,,,,,,,,,,,,,,,,,,
23,,369,,,,,,,,,,0.00827363133430481,,0.001038860296830535,,0.27421116828918457,,0.3744923174381256,,0.3884073495864868,,0.4586237072944641,0.43767789006233215,,,,,,,,,,,,,,
23,,379,,,,,,,,,,0.005909732077270746,,0.0008507276652380824,,0.46456295251846313,,0.4241081178188324,,0.44767242670059204,,0.5282540321350098,0.5055835247039795,,,,,,,,,,,,,,
23,,383,,,,,,,,,,,,,,,,,,,,,,0.8542725443840027,1.0,1.0,0.91796875,0.89300537109375,0.8759765625,0.8447189331054688,0.49223288893699646,0.0051502650603652,0.0006282281829044223,0.40075117349624634,0.41756272315979004,0.43027302622795105,0.5162150859832764
23,,383,0.8573223352432251,1.0,0.999750018119812,0.9249374866485596,0.892328143119812,0.8784297108650208,0.8481054902076721,0.47393521666526794,0.007499424275010824,,0.003494313918054104,,0.36932915449142456,,0.40302836894989014,,0.41733700037002563,,0.4964439570903778,,,,,,,,,,,,,,,,
,0.0002593452941132118,384,,,,,,,,,,,,,,,,,,,,,,,,,,,,,,,,,,,
24,,389,,,,,,,,,,0.008074349723756313,,0.0008505702135153115,,0.3701448142528534,,0.3704838156700134,,0.39380085468292236,,0.47284185886383057,0.4502914547920227,,,,,,,,,,,,,,
24,,399,,,,,,,,,,0.007388993166387081,,0.0009530829265713692,,0.39531809091567993,,0.3733518123626709,,0.4259462356567383,,0.4996098577976227,0.47683045268058777,,,,,,,,,,,,,,
24,,399,,,,,,,,,,,,,,,,,,,,,,0.8545129299163818,1.0,1.0,0.91796875,0.89263916015625,0.876953125,0.844818115234375,0.4903513193130493,0.00456802174448967,0.0006631597643718123,0.3987244963645935,0.41378000378608704,0.42767333984375,0.5146253705024719
24,,399,0.8580557107925415,1.0,0.999750018119812,0.9249374866485596,0.8924375176429749,0.8792539238929749,0.8488700985908508,0.47093144059181213,0.007550949230790138,,0.0034963267389684916,,0.3680913746356964,,0.4009130597114563,,0.41514405608177185,,0.4931398034095764,,,,,,,,,,,,,,,,
,0.0002560660171779822,400,,,,,,,,,,,,,,,,,,,,,,,,,,,,,,,,,,,
25,,409,,,,,,,,,,0.007154472637921572,,0.0009851562790572643,,0.25413450598716736,,0.3487383723258972,,0.36086180806159973,,0.4250502586364746,0.40588173270225525,,,,,,,,,,,,,,
25,,415,,,,,,,,,,,,,,,,,,,,,,0.8576407432556152,1.0,1.0,0.91796875,0.8958740234375,0.879180908203125,0.8482284545898438,0.48597484827041626,0.004190593026578426,0.0005667883087880909,0.4006263017654419,0.41523459553718567,0.4267752766609192,0.5088961720466614
25,,415,0.8593223094940186,1.0,0.999750018119812,0.9249374866485596,0.8927656412124634,0.880203127861023,0.8503007888793945,0.46695637702941895,0.006792846601456404,,0.0034441561438143253,,0.36746442317962646,,0.39963415265083313,,0.41132912039756775,,0.4888853132724762,,,,,,,,,,,,,,,,
,0.00025268206588930335,416,,,,,,,,,,,,,,,,,,,,,,,,,,,,,,,,,,,
26,,419,,,,,,,,,,0.005789723247289658,,0.000830760458484292,,0.37524867057800293,,0.3775857090950012,,0.3912530243396759,,0.47164100408554077,0.44930383563041687,,,,,,,,,,,,,,
26,,429,,,,,,,,,,0.006841122638434172,,0.0008856335189193487,,0.33814406394958496,,0.39617738127708435,,0.39160603284835815,,0.46462804079055786,0.44454672932624817,,,,,,,,,,,,,,
26,,431,,,,,,,,,,,,,,,,,,,,,,0.8571686148643494,1.0,1.0,0.91796875,0.894775390625,0.878387451171875,0.8478660583496094,0.4844696521759033,0.0050407941453158855,0.0005927289603278041,0.4011792540550232,0.4130997955799103,0.4238550364971161,0.5077435970306396
26,,431,0.8602835536003113,1.0,0.999750018119812,0.9249374866485596,0.8934062719345093,0.881667971611023,0.8511757850646973,0.46487635374069214,0.006548999343067408,,0.003444066969677806,,0.36694103479385376,,0.3995310366153717,,0.4091363847255707,,0.4866756796836853,,,,,,,,,,,,,,,,
,0.0002491967797985478,432,,,,,,,,,,,,,,,,,,,,,,,,,,,,,,,,,,,
27,,439,,,,,,,,,,0.005630424711853266,,0.04086853191256523,,0.4200667142868042,,0.4284377694129944,,0.43740910291671753,,0.5235599279403687,0.49993574619293213,,,,,,,,,,,,,,
27,,447,,,,,,,,,,,,,,,,,,,,,,0.858173131942749,1.0,1.0,0.91796875,0.89642333984375,0.879058837890625,0.8489341735839844,0.4819258749485016,0.0037216939963400364,0.0005152603262104094,0.3992500901222229,0.41153091192245483,0.42245927453041077,0.5048314929008484
27,,447,0.8613128662109375,1.0,0.999750018119812,0.9249374866485596,0.8931875228881836,0.882562518119812,0.8523378968238831,0.46159106492996216,0.005803537089377642,,0.0033530069049447775,,0.36877432465553284,,0.39861246943473816,,0.4057920575141907,,0.4831623136997223,,,,,,,,,,,,,,,,
,0.0002456135984623035,448,,,,,,,,,,,,,,,,,,,,,,,,,,,,,,,,,,,
28,,449,,,,,,,,,,0.0050061726942658424,,0.0007027392857708037,,0.34883245825767517,,0.3519795536994934,,0.3624798357486725,,0.43750330805778503,0.41678687930107117,,,,,,,,,,,,,,
28,,459,,,,,,,,,,0.005063752178102732,,0.0007848932291381061,,0.3757871389389038,,0.4056980609893799,,0.3985900282859802,,0.4887934625148773,0.4648710787296295,,,,,,,,,,,,,,
28,,463,,,,,,,,,,,,,,,,,,,,,,0.8605597615242004,1.0,1.0,0.91796875,0.896484375,0.882659912109375,0.8512115478515625,0.4813210964202881,0.0035542193800210953,0.0005437638610601425,0.3990432918071747,0.4083741009235382,0.41791099309921265,0.5053629875183105
28,,463,0.8633963465690613,1.0,0.999750018119812,0.9249374866485596,0.8932187557220459,0.8847030997276306,0.8545781373977661,0.4577316343784332,0.005054911598563194,,0.003358470043167472,,0.3676402270793915,,0.39624056220054626,,0.4024825096130371,,0.4790117144584656,,,,,,,,,,,,,,,,
,0.00024193605804794655,464,,,,,,,,,,,,,,,,,,,,,,,,,,,,,,,,,,,
29,,469,,,,,,,,,,0.004529643803834915,,0.0007366245263256133,,0.45292049646377563,,0.4356221556663513,,0.45868921279907227,,0.5329040288925171,0.5115400552749634,,,,,,,,,,,,,,
29,,479,,,,,,,,,,0.004835775587707758,,0.0007600482786074281,,0.3214844763278961,,0.39717361330986023,,0.41706258058547974,,0.49373549222946167,0.4710065424442291,,,,,,,,,,,,,,
29,,479,,,,,,,,,,,,,,,,,,,,,,0.8628892302513123,1.0,1.0,0.91796875,0.89666748046875,0.8842315673828125,0.853912353515625,0.47058844566345215,0.0030648186802864075,0.0005157073028385639,0.39696455001831055,0.40855491161346436,0.4123075008392334,0.4924788475036621
29,,479,0.8649487495422363,1.0,0.999750018119812,0.9249374866485596,0.8938281536102295,0.8857070207595825,0.8563584089279175,0.45338162779808044,0.00497399503365159,,0.0032491718884557486,,0.3674156367778778,,0.39464685320854187,,0.3993353545665741,,0.47410356998443604,,,,,,,,,,,,,,,,
,0.00023816778784387105,480,,,,,,,,,,,,,,,,,,,,,,,,,,,,,,,,,,,
30,,489,,,,,,,,,,0.004343951120972633,,0.0008332823636010289,,0.38785871863365173,,0.38730573654174805,,0.392727792263031,,0.466403067111969,0.44625353813171387,,,,,,,,,,,,,,
30,,495,,,,,,,,,,,,,,,,,,,,,,0.8641541004180908,1.0,1.0,0.91796875,0.8956298828125,0.884063720703125,0.8557052612304688,0.4724157452583313,0.002845050999894738,0.0005304195801727474,0.39777660369873047,0.40966203808784485,0.4126273989677429,0.49475306272506714
30,,495,0.8668102622032166,1.0,0.999750018119812,0.9249374866485596,0.8948437571525574,0.8874101638793945,0.8583505749702454,0.44872239232063293,0.0042793843895196915,,0.0032748146913945675,,0.36887863278388977,,0.39395394921302795,,0.3955444395542145,,0.46886149048805237,,,,,,,,,,,,,,,,
,0.00023431250667781966,496,,,,,,,,,,,,,,,,,,,,,,,,,,,,,,,,,,,
31,,499,,,,,,,,,,0.004280109889805317,,0.0007529550930485129,,0.41849422454833984,,0.43981480598449707,,0.44815173745155334,,0.5185908079147339,0.4986191987991333,,,,,,,,,,,,,,
31,,509,,,,,,,,,,0.0036982600577175617,,0.0007819538004696369,,0.3790093958377838,,0.38198116421699524,,0.3899988532066345,,0.4666910767555237,0.44560378789901733,,,,,,,,,,,,,,
31,,511,,,,,,,,,,,,,,,,,,,,,,0.8667239546775818,1.0,1.0,0.91796875,0.89764404296875,0.88702392578125,0.8582649230957031,0.46325767040252686,0.0025680442340672016,0.0005330122075974941,0.39807167649269104,0.4084804356098175,0.4087224304676056,0.4835910201072693
31,,511,0.8690409660339355,1.0,0.999750018119812,0.9249374866485596,0.8952187299728394,0.888839840888977,0.8609433770179749,0.44393181800842285,0.003856079187244177,,0.0033143276814371347,,0.36845484375953674,,0.39327695965766907,,0.3924214243888855,,0.46330559253692627,,,,,,,,,,,,,,,,
,0.00023037401924684952,512,,,,,,,,,,,,,,,,,,,,,,,,,,,,,,,,,,,
32,,519,,,,,,,,,,0.003100035712122917,,0.0007515684701502323,,0.41190534830093384,,0.43610885739326477,,0.4382728636264801,,0.5133668780326843,0.4925956726074219,,,,,,,,,,,,,,
32,,527,,,,,,,,,,,,,,,,,,,,,,0.8690504431724548,1.0,1.0,0.91796875,0.89813232421875,0.8887481689453125,0.8609046936035156,0.4570067822933197,0.001896846224553883,0.00043141093919984996,0.397941529750824,0.4074515700340271,0.4062247574329376,0.47595030069351196
32,,527,0.8710973858833313,1.0,0.999750018119812,0.9249374866485596,0.8953593969345093,0.8897578120231628,0.8634462952613831,0.4384140074253082,0.0033157134894281626,,0.003249994944781065,,0.36675596237182617,,0.3920626640319824,,0.390227347612381,,0.4566020369529724,,,,,,,,,,,,,,,,
,0.00022635621236255572,528,,,,,,,,,,,,,,,,,,,,,,,,,,,,,,,,,,,
33,,529,,,,,,,,,,0.003237785305827856,,0.0006267211865633726,,0.3107558488845825,,0.3751353919506073,,0.36648786067962646,,0.4240243136882782,0.40806469321250916,,,,,,,,,,,,,,
33,,539,,,,,,,,,,0.0033066244795918465,,0.0007852981798350811,,0.49434003233909607,,0.46266382932662964,,0.45365750789642334,,0.5228497982025146,0.5048065185546875,,,,,,,,,,,,,,
33,,543,,,,,,,,,,,,,,,,,,,,,,0.8725990653038025,1.0,1.0,0.91796875,0.89593505859375,0.8901519775390625,0.8654212951660156,0.4519418179988861,0.001987150404602289,0.0005175533588044345,0.39757055044174194,0.4137629270553589,0.40218985080718994,0.4698182940483093
33,,543,0.8744074106216431,1.0,0.999750018119812,0.9249374866485596,0.8960781097412109,0.8916601538658142,0.8673378825187683,0.4313148558139801,0.002986092818900943,,0.003177700564265251,,0.3684661090373993,,0.39149782061576843,,0.3866368234157562,,0.4480455815792084,,,,,,,,,,,,,,,,
,0.00022226305111525731,544,,,,,,,,,,,,,,,,,,,,,,,,,,,,,,,,,,,
34,,549,,,,,,,,,,0.002481889445334673,,0.0006656742189079523,,0.3914594054222107,,0.42996758222579956,,0.42219048738479614,,0.48016345500946045,0.4641425609588623,,,,,,,,,,,,,,
34,,559,,,,,,,,,,0.002716920804232359,,0.0007331686792895198,,0.4601522386074066,,0.42611926794052124,,0.43014591932296753,,0.5011070966720581,0.48197126388549805,,,,,,,,,,,,,,
34,,559,,,,,,,,,,,,,,,,,,,,,,0.8758585453033447,1.0,1.0,0.91796875,0.89788818359375,0.891265869140625,0.8693656921386719,0.4436182975769043,0.00177345285192132,0.0005217264988459647,0.3975471258163452,0.4061335027217865,0.4005812406539917,0.4596025347709656
34,,559,0.8767786622047424,1.0,0.999750018119812,0.9249374866485596,0.8961250185966492,0.8923320174217224,0.8703281283378601,0.425711452960968,0.0026652950327843428,,0.0032708721701055765,,0.368252694606781,,0.39058780670166016,,0.3843267560005188,,0.441213995218277,,,,,,,,,,,,,,,,
,0.00021809857496093204,560,,,,,,,,,,,,,,,,,,,,,,,,,,,,,,,,,,,
35,,569,,,,,,,,,,0.0025975520256906748,,0.0007844882784411311,,0.4098956286907196,,0.4206666350364685,,0.40698009729385376,,0.44969743490219116,0.4382152557373047,,,,,,,,,,,,,,
35,,575,,,,,,,,,,,,,,,,,,,,,,0.8795244097709656,1.0,1.0,0.91796875,0.898681640625,0.8929901123046875,0.8737716674804688,0.4376813769340515,0.0015939876902848482,0.0005706021911464632,0.39766788482666016,0.40722423791885376,0.3981601893901825,0.4522237479686737
35,,575,0.8797684907913208,1.0,0.999750018119812,0.9249374866485596,0.8970156311988831,0.8938554525375366,0.8738769292831421,0.41937020421028137,0.0026766592636704445,,0.0032612504437565804,,0.36804527044296265,,0.38927963376045227,,0.38223448395729065,,0.43336912989616394,,,,,,,,,,,,,,,,
,0.00021386689373476092,576,,,,,,,,,,,,,,,,,,,,,,,,,,,,,,,,,,,
36,,579,,,,,,,,,,0.002169125247746706,,0.0007825920474715531,,0.35064128041267395,,0.3610532879829407,,0.3777957856655121,,0.41469889879226685,0.40299659967422485,,,,,,,,,,,,,,
36,,589,,,,,,,,,,0.0021522827446460724,,0.0008012668695300817,,0.34739094972610474,,0.3896104097366333,,0.3722805976867676,,0.40974974632263184,0.39955034852027893,,,,,,,,,,,,,,
36,,591,,,,,,,,,,,,,,,,,,,,,,0.883622407913208,1.0,1.0,0.91796875,0.8992919921875,0.8961639404296875,0.8784027099609375,0.42824316024780273,0.001329015358351171,0.00047296658158302307,0.39747560024261475,0.4066520929336548,0.3926814794540405,0.4410516619682312
36,,591,0.8824433088302612,1.0,0.999750018119812,0.9249374866485596,0.8973749876022339,0.8949804902076721,0.8771386742591858,0.41276782751083374,0.002416484523564577,,0.003215343924239278,,0.3669837415218353,,0.38804447650909424,,0.3802063465118408,,0.4251692295074463,,,,,,,,,,,,,,,,
,0.00020957218359521712,592,,,,,,,,,,,,,,,,,,,,,,,,,,,,,,,,,,,
37,,599,,,,,,,,,,0.0022935972083359957,,0.0007531559094786644,,0.35442495346069336,,0.3550715744495392,,0.34514471888542175,,0.38503497838974,0.3743835687637329,,,,,,,,,,,,,,
37,,607,,,,,,,,,,,,,,,,,,,,,,0.8865699768066406,1.0,1.0,0.91796875,0.8984375,0.8972625732421875,0.882110595703125,0.421680748462677,0.0013058000477030873,0.0004993876209482551,0.39847850799560547,0.40647488832473755,0.3905460834503174,0.43283307552337646
37,,607,0.8850131034851074,1.0,0.999750018119812,0.9249374866485596,0.897531270980835,0.8959413766860962,0.8803144693374634,0.406252920627594,0.0022882558405399323,,0.003203078405931592,,0.36862871050834656,,0.38693201541900635,,0.37702906131744385,,0.4173232316970825,,,,,,,,,,,,,,,,
,0.00020521868290270177,608,,,,,,,,,,,,,,,,,,,,,,,,,,,,,,,,,,,
38,,609,,,,,,,,,,0.0022999760694801807,,0.0007632696651853621,,0.36761102080345154,,0.39143258333206177,,0.3794777989387512,,0.41792866587638855,0.4073582887649536,,,,,,,,,,,,,,
38,,619,,,,,,,,,,0.002270139055326581,,0.0007911146385595202,,0.3591271638870239,,0.3656110465526581,,0.35010218620300293,,0.3980637788772583,0.38563665747642517,,,,,,,,,,,,,,
38,,623,,,,,,,,,,,,,,,,,,,,,,0.887502908706665,1.0,1.0,0.91796875,0.9005126953125,0.897552490234375,0.8831520080566406,0.4189821183681488,0.0012192443246021867,0.00048702501226216555,0.39723023772239685,0.4031575918197632,0.38907095789909363,0.42983150482177734
38,,623,0.8871201872825623,1.0,0.999750018119812,0.9249374866485596,0.8980312347412109,0.8963398337364197,0.8829922080039978,0.40093904733657837,0.0020976571831852198,,0.003081982722505927,,0.36803990602493286,,0.38659489154815674,,0.3752508759498596,,0.4107152223587036,,,,,,,,,,,,,,,,
,0.00020081068803679377,624,,,,,,,,,,,,,,,,,,,,,,,,,,,,,,,,,,,
39,,629,,,,,,,,,,0.0022426447831094265,,0.037486664950847626,,0.3847814202308655,,0.392518013715744,,0.38016456365585327,,0.4178924560546875,0.4078196585178375,,,,,,,,,,,,,,
39,,639,,,,,,,,,,0.0019462376367300749,,0.0006690210429951549,,0.37857601046562195,,0.3935627341270447,,0.3728257715702057,,0.39880552887916565,0.3919927775859833,,,,,,,,,,,,,,
39,,639,,,,,,,,,,,,,,,,,,,,,,0.891223132610321,1.0,1.0,0.91796875,0.89996337890625,0.8980255126953125,0.8880271911621094,0.4100175201892853,0.0010810013627633452,0.00046334462240338326,0.3982698619365692,0.40404048562049866,0.38852643966674805,0.41794660687446594
39,,639,0.8888439536094666,1.0,0.999750018119812,0.9249374866485596,0.8978750109672546,0.8968632817268372,0.8851689696311951,0.3963509798049927,0.0019654990173876286,,0.0030975984409451485,,0.36703845858573914,,0.3851492702960968,,0.3732471764087677,,0.4052063226699829,,,,,,,,,,,,,,,,
,0.00019635254915624216,640,,,,,,,,,,,,,,,,,,,,,,,,,,,,,,,,,,,
40,,649,,,,,,,,,,0.0017317465972155333,,0.0007567093707621098,,0.41958335041999817,,0.38541918992996216,,0.37636154890060425,,0.40059006214141846,0.3940935432910919,,,,,,,,,,,,,,
40,,655,,,,,,,,,,,,,,,,,,,,,,0.892450749874115,1.0,1.0,0.91796875,0.90045166015625,0.8990325927734375,0.8893814086914062,0.4063761532306671,0.001095290994271636,0.0005276227602735162,0.3986895680427551,0.40250593423843384,0.38668254017829895,0.41364267468452454
40,,655,0.8906103372573853,1.0,0.999750018119812,0.9249374866485596,0.8988906145095825,0.8975429534912109,0.8872900605201721,0.3915204703807831,0.0018278412753716111,,0.0033421593252569437,,0.36793404817581177,,0.3850589692592621,,0.3718840479850769,,0.39909881353378296,,,,,,,,,,,,,,,,
,0.00019184866590588444,656,,,,,,,,,,,,,,,,,,,,,,,,,,,,,,,,,,,
41,,659,,,,,,,,,,0.001748904469422996,,0.0008105065790005028,,0.3334088623523712,,0.3646771013736725,,0.3456534445285797,,0.3621530532836914,0.3575171232223511,,,,,,,,,,,,,,
41,,669,,,,,,,,,,0.0020148695912212133,,0.0008518085815012455,,0.3416169285774231,,0.3877655863761902,,0.3744373321533203,,0.39550232887268066,0.38911253213882446,,,,,,,,,,,,,,
41,,671,,,,,,,,,,,,,,,,,,,,,,0.894187867641449,1.0,1.0,0.91796875,0.90118408203125,0.899444580078125,0.8915481567382812,0.40073877573013306,0.0009741804678924382,0.0005056712543591857,0.3980008363723755,0.4028545916080475,0.3848927319049835,0.4065646529197693
41,,671,0.8925238251686096,1.0,0.999750018119812,0.9249374866485596,0.8990312218666077,0.8982187509536743,0.8896631002426147,0.38623112440109253,0.0016945387469604611,,0.0029200573917478323,,0.3676393926143646,,0.3838900327682495,,0.37029001116752625,,0.3925260007381439,,,,,,,,,,,,,,,,
,0.00018730348307472821,672,,,,,,,,,,,,,,,,,,,,,,,,,,,,,,,,,,,
42,,679,,,,,,,,,,0.0016451063565909863,,0.0008330417331308126,,0.3613906502723694,,0.3875522017478943,,0.37363988161087036,,0.4022638499736786,0.3942568600177765,,,,,,,,,,,,,,
42,,687,,,,,,,,,,,,,,,,,,,,,,0.8954641819000244,1.0,1.0,0.91796875,0.901123046875,0.89923095703125,0.8933067321777344,0.3974149525165558,0.0008871195605024695,0.0005039725219830871,0.3996356725692749,0.40255117416381836,0.38417327404022217,0.40230730175971985
42,,687,0.8942491412162781,1.0,0.999750018119812,0.9249374866485596,0.8997187614440918,0.8988710641860962,0.8917568325996399,0.3811607360839844,0.0015581358456984162,,0.003112474689260125,,0.36705300211906433,,0.3824979066848755,,0.3678848445415497,,0.38646402955055237,,,,,,,,,,,,,,,,
,0.00018272148620948142,688,,,,,,,,,,,,,,,,,,,,,,,,,,,,,,,,,,,
43,,689,,,,,,,,,,0.0014056715881451964,,0.0007684894371777773,,0.36606526374816895,,0.3665507435798645,,0.376663476228714,,0.39566031098365784,0.388939768075943,,,,,,,,,,,,,,
43,,699,,,,,,,,,,0.0015255827456712723,,0.0008606804767623544,,0.3233717083930969,,0.35604795813560486,,0.3330495357513428,,0.3533018231391907,0.347991019487381,,,,,,,,,,,,,,
43,,703,,,,,,,,,,,,,,,,,,,,,,0.8967577219009399,1.0,1.0,0.91796875,0.90264892578125,0.900054931640625,0.8947296142578125,0.3932223320007324,0.0007927850820124149,0.000495395390316844,0.3985689878463745,0.40373072028160095,0.38344818353652954,0.3968428373336792
43,,703,0.8954103589057922,1.0,0.999750018119812,0.9249374866485596,0.8999375104904175,0.8991289138793945,0.8932265639305115,0.37757807970046997,0.0015018422855064273,,0.0030950766522437334,,0.36660414934158325,,0.38201797008514404,,0.3663545250892639,,0.38210806250572205,,,,,,,,,,,,,,,,
,0.00017810719718785875,704,,,,,,,,,,,,,,,,,,,,,,,,,,,,,,,,,,,
44,,709,,,,,,,,,,0.0014529929030686617,,0.0006739350501447916,,0.3542886972427368,,0.3746108114719391,,0.3649575114250183,,0.38103169202804565,0.37600985169410706,,,,,,,,,,,,,,
44,,719,,,,,,,,,,0.0014010905288159847,,0.0007809653179720044,,0.4407188296318054,,0.3788526952266693,,0.36181002855300903,,0.38702964782714844,0.3811313807964325,,,,,,,,,,,,,,
44,,719,,,,,,,,,,,,,,,,,,,,,,0.8985720872879028,1.0,1.0,0.91796875,0.90185546875,0.9007720947265625,0.8970184326171875,0.3885861039161682,0.0008559139096178114,0.0005115695530548692,0.399286687374115,0.40183162689208984,0.3816920518875122,0.3912091553211212
44,,719,0.8970117568969727,1.0,0.999750018119812,0.9249374866485596,0.9001250267028809,0.9000429511070251,0.8951210975646973,0.37307485938072205,0.001428422168828547,,0.0031214565970003605,,0.36759454011917114,,0.38235077261924744,,0.3644194006919861,,0.37655267119407654,,,,,,,,,,,,,,,,
,0.00017346516975603468,720,,,,,,,,,,,,,,,,,,,,,,,,,,,,,,,,,,,
45,,729,,,,,,,,,,0.0015880023129284382,,0.000947396969422698,,0.3409422039985657,,0.3505944609642029,,0.3294793367385864,,0.3406859040260315,0.3378077447414398,,,,,,,,,,,,,,
45,,735,,,,,,,,,,,,,,,,,,,,,,0.8990899920463562,1.0,1.0,0.91796875,0.902099609375,0.9008026123046875,0.8976860046386719,0.38651612401008606,0.0008604400209151208,0.0005003396072424948,0.4015617370605469,0.4027927815914154,0.3811977505683899,0.3884778320789337
45,,735,0.8978227376937866,1.0,0.999750018119812,0.9249374866485596,0.9009374976158142,0.9002422094345093,0.8961015343666077,0.3701196312904358,0.0013978483621031046,,0.003166641341522336,,0.36716243624687195,,0.38135409355163574,,0.3636481761932373,,0.3728749752044678,,,,,,,,,,,,,,,,
,0.0001687999850346457,736,,,,,,,,,,,,,,,,,,,,,,,,,,,,,,,,,,,
46,,739,,,,,,,,,,0.0013663300778716803,,0.0006831029313616455,,0.41103023290634155,,0.40258634090423584,,0.38182318210601807,,0.38188451528549194,0.3817894458770752,,,,,,,,,,,,,,
46,,749,,,,,,,,,,0.001290221232920885,,0.0006467313505709171,,0.43995845317840576,,0.3977231979370117,,0.38371431827545166,,0.3916213810443878,0.38955947756767273,,,,,,,,,,,,,,
46,,751,,,,,,,,,,,,,,,,,,,,,,0.9003233909606934,1.0,1.0,0.91796875,0.90289306640625,0.9013519287109375,0.8991432189941406,0.38360267877578735,0.0007675323868170381,0.00047406728845089674,0.4000656008720398,0.40190210938453674,0.3798269033432007,0.3850160837173462
46,,751,0.8988549709320068,1.0,0.999750018119812,0.9249374866485596,0.9007031321525574,0.9001367092132568,0.8975185751914978,0.3670741617679596,0.0013458534376695752,,0.0029868229757994413,,0.36833783984184265,,0.3805563449859619,,0.3622521758079529,,0.36919671297073364,,,,,,,,,,,,,,,,
,0.00016411624699777717,752,,,,,,,,,,,,,,,,,,,,,,,,,,,,,,,,,,,
47,,759,,,,,,,,,,0.0012201149947941303,,0.0006162314675748348,,0.38021770119667053,,0.42552369832992554,,0.38543903827667236,,0.39747580885887146,0.3948778808116913,,,,,,,,,,,,,,
47,,767,,,,,,,,,,,,,,,,,,,,,,0.9005780816078186,1.0,1.0,0.91796875,0.90252685546875,0.901458740234375,0.8994789123535156,0.38258057832717896,0.0006605588714592159,0.0004401394398882985,0.4003618657588959,0.40292054414749146,0.378153920173645,0.3840038776397705
47,,767,0.8998322486877441,1.0,0.999750018119812,0.9249374866485596,0.9000312685966492,0.9009765386581421,0.8986533284187317,0.3634805381298065,0.001279186923056841,,0.002806427888572216,,0.3680412173271179,,0.3804791271686554,,0.36026379466056824,,0.364913672208786,,,,,,,,,,,,,,,,
,0.00015941857792939706,768,,,,,,,,,,,,,,,,,,,,,,,,,,,,,,,,,,,
48,,769,,,,,,,,,,0.0010366353671997786,,0.0006213068845681846,,0.38549792766571045,,0.3706350326538086,,0.3509503901004791,,0.3562776446342468,0.35499173402786255,,,,,,,,,,,,,,
48,,779,,,,,,,,,,0.0012048527132719755,,0.0007655068184249103,,0.3755068778991699,,0.3766879737377167,,0.3463120460510254,,0.36044201254844666,0.357413113117218,,,,,,,,,,,,,,
48,,783,,,,,,,,,,,,,,,,,,,,,,0.9020146131515503,1.0,1.0,0.91796875,0.90234375,0.9016571044921875,0.9013557434082031,0.379133939743042,0.0006391151691786945,0.00042441056575626135,0.39860016107559204,0.40220481157302856,0.3792995512485504,0.3791953921318054
48,,783,0.9004124402999878,1.0,0.999750018119812,0.9249374866485596,0.9017968773841858,0.9006757736206055,0.8993915915489197,0.3604365885257721,0.0011258763261139393,,0.0030174513813108206,,0.36764293909072876,,0.37895461916923523,,0.35897183418273926,,0.3612799048423767,,,,,,,,,,,,,,,,
,0.00015471161386171927,784,,,,,,,,,,,,,,,,,,,,,,,,,,,,,,,,,,,
49,,789,,,,,,,,,,0.001289650797843933,,0.0007157274521887302,,0.35148483514785767,,0.36199212074279785,,0.34933581948280334,,0.3448527455329895,0.34531471133232117,,,,,,,,,,,,,,
49,,799,,,,,,,,,,0.0010530238505452871,,0.0006850426434539258,,0.4104083180427551,,0.4219593107700348,,0.39707931876182556,,0.40887632966041565,0.4058002829551697,,,,,,,,,,,,,,
49,,799,,,,,,,,,,,,,,,,,,,,,,0.902572751045227,1.0,1.0,0.91796875,0.9031982421875,0.9022064208984375,0.9019088745117188,0.37684816122055054,0.0006201728247106075,0.00043426890624687076,0.39910954236984253,0.4022192358970642,0.37656837701797485,0.3768223524093628
49,,799,0.9011677503585815,1.0,0.999750018119812,0.9249374866485596,0.9008749723434448,0.9017773270606995,0.9001806378364563,0.35819151997566223,0.0011467888252809644,,0.003202375490218401,,0.36789289116859436,,0.3792878985404968,,0.3572457432746887,,0.3586932420730591,,,,,,,,,,,,,,,,
,0.00015000000000000001,800,,,,,,,,,,,,,,,,,,,,,,,,,,,,,,,,,,,
50,,809,,,,,,,,,,0.00107832089997828,,0.0006125220097601414,,0.2659051716327667,,0.3173934817314148,,0.30186447501182556,,0.3093037009239197,0.30664873123168945,,,,,,,,,,,,,,
50,,815,,,,,,,,,,,,,,,,,,,,,,0.9019317030906677,1.0,1.0,0.91796875,0.902099609375,0.902069091796875,0.9011573791503906,0.3777882754802704,0.0006096888100728393,0.000392624584492296,0.3987201452255249,0.4042789936065674,0.37658169865608215,0.3779497444629669
50,,815,0.9018512964248657,1.0,0.999750018119812,0.9249374866485596,0.9008281230926514,0.9017343521118164,0.9011054635047913,0.35584837198257446,0.001117447391152382,,0.002948519540950656,,0.3681405782699585,,0.3786751627922058,,0.3565152883529663,,0.35578784346580505,,,,,,,,,,,,,,,,
,0.00014528838613828078,816,,,,,,,,,,,,,,,,,,,,,,,,,,,,,,,,,,,
51,,819,,,,,,,,,,0.0010201521217823029,,0.0006119186291471124,,0.332457959651947,,0.3802464008331299,,0.35394853353500366,,0.35158395767211914,0.351861834526062,,,,,,,,,,,,,,
51,,829,,,,,,,,,,0.0011344973463565111,,0.0007130313897505403,,0.4211181700229645,,0.39334648847579956,,0.38087373971939087,,0.3896375894546509,0.387112557888031,,,,,,,,,,,,,,
51,,831,,,,,,,,,,,,,,,,,,,,,,0.9030649065971375,1.0,1.0,0.91796875,0.9029541015625,0.9021148681640625,0.9026031494140625,0.3750631511211395,0.0005814530304633081,0.00041246344335377216,0.3988255262374878,0.40075960755348206,0.3754870891571045,0.37480899691581726
51,,831,0.9022139310836792,1.0,0.999750018119812,0.9249374866485596,0.9018906354904175,0.9018398523330688,0.9014961123466492,0.3540281355381012,0.0010009072721004486,,0.0031170996371656656,,0.367870569229126,,0.3777518570423126,,0.3553917706012726,,0.35370364785194397,,,,,,,,,,,,,,,,
,0.00014058142207060302,832,,,,,,,,,,,,,,,,,,,,,,,,,,,,,,,,,,,
52,,839,,,,,,,,,,0.000982549972832203,,0.0007110387086868286,,0.4020077586174011,,0.4204791188240051,,0.3921574354171753,,0.37989360094070435,0.3829670548439026,,,,,,,,,,,,,,
52,,847,,,,,,,,,,,,,,,,,,,,,,0.9033539295196533,1.0,1.0,0.91796875,0.90277099609375,0.9026336669921875,0.9028701782226562,0.37284907698631287,0.0005382042727433145,0.0003959001915063709,0.39971786737442017,0.40172669291496277,0.3758734464645386,0.37168675661087036
52,,847,0.9028505682945251,1.0,0.999750018119812,0.9249374866485596,0.9012656211853027,0.9027538895606995,0.9021552801132202,0.3516799509525299,0.000982696539722383,,0.002743264427408576,,0.36777716875076294,,0.3782709240913391,,0.3539133369922638,,0.3509136736392975,,,,,,,,,,,,,,,,
,0.00013588375300222289,848,,,,,,,,,,,,,,,,,,,,,,,,,,,,,,,,,,,
53,,849,,,,,,,,,,0.000974323193076998,,0.0005890862667001784,,0.32193803787231445,,0.3543403446674347,,0.3299379348754883,,0.3273136019706726,0.32781344652175903,,,,,,,,,,,,,,
53,,859,,,,,,,,,,0.0009214754099957645,,0.03940606117248535,,0.35420823097229004,,0.3640713095664978,,0.3466811776161194,,0.35281258821487427,0.35103070735931396,,,,,,,,,,,,,,
53,,863,,,,,,,,,,,,,,,,,,,,,,0.9042725563049316,1.0,1.0,0.91796875,0.9029541015625,0.903045654296875,0.9039802551269531,0.3705897331237793,0.0005158047424629331,0.00041308836080133915,0.3996973931789398,0.4015845060348511,0.3733898997306824,0.3693051040172577
53,,863,0.9033083319664001,1.0,0.999750018119812,0.9249374866485596,0.9012656211853027,0.9026718735694885,0.902786135673523,0.3493218719959259,0.0009202665532939136,,0.0031048429664224386,,0.36831963062286377,,0.37712767720222473,,0.3527079224586487,,0.34813329577445984,,,,,,,,,,,,,,,,
,0.0001312000149653544,864,,,,,,,,,,,,,,,,,,,,,,,,,,,,,,,,,,,
54,,869,,,,,,,,,,0.0009584204526618123,,0.000638675584923476,,0.37524986267089844,,0.3956233263015747,,0.34733134508132935,,0.34934282302856445,0.3501621186733246,,,,,,,,,,,,,,
54,,879,,,,,,,,,,0.0009950099047273397,,0.0006316054495982826,,0.36382707953453064,,0.3918592035770416,,0.3576410412788391,,0.3531016409397125,0.3546050786972046,,,,,,,,,,,,,,
54,,879,,,,,,,,,,,,,,,,,,,,,,0.9042267799377441,1.0,1.0,0.91796875,0.90240478515625,0.902435302734375,0.9041061401367188,0.37043365836143494,0.0005367745761759579,0.00040135119343176484,0.40050119161605835,0.40270334482192993,0.3742098808288574,0.36880961060523987
54,,879,0.9036644697189331,1.0,0.999750018119812,0.9249374866485596,0.9017968773841858,0.9031093716621399,0.9031181931495667,0.34796562790870667,0.0009302069083787501,,0.0031356799881905317,,0.36771032214164734,,0.3776438236236572,,0.3515985906124115,,0.34657981991767883,,,,,,,,,,,,,,,,
,0.0001265348302439654,880,,,,,,,,,,,,,,,,,,,,,,,,,,,,,,,,,,,
55,,889,,,,,,,,,,0.0008668347145430744,,0.0006231916486285627,,0.39256444573402405,,0.38978147506713867,,0.3688129484653473,,0.3705592155456543,0.3700360059738159,,,,,,,,,,,,,,
55,,895,,,,,,,,,,,,,,,,,,,,,,0.9047504663467407,1.0,1.0,0.91796875,0.90277099609375,0.9029693603515625,0.9046478271484375,0.3698206841945648,0.00048685140791349113,0.00032502770773135126,0.3992488384246826,0.4007386267185211,0.3743302524089813,0.36810511350631714
55,,895,0.9041744470596313,1.0,0.999750018119812,0.9249374866485596,0.9021718502044678,0.9030585885047913,0.9037871360778809,0.34610381722450256,0.000905783788766712,,0.0030692340806126595,,0.3672283887863159,,0.37627696990966797,,0.35122179985046387,,0.3442855477333069,,,,,,,,,,,,,,,,
,0.00012189280281214134,896,,,,,,,,,,,,,,,,,,,,,,,,,,,,,,,,,,,
56,,899,,,,,,,,,,0.0009895446710288525,,0.0005808145506307483,,0.3451109528541565,,0.3676237463951111,,0.34230583906173706,,0.3399306535720825,0.34049251675605774,,,,,,,,,,,,,,
56,,909,,,,,,,,,,0.0009316146606579423,,0.0005640770541504025,,0.3289119601249695,,0.36787956953048706,,0.3395361602306366,,0.3329993486404419,0.33459535241127014,,,,,,,,,,,,,,
56,,911,,,,,,,,,,,,,,,,,,,,,,0.9042181968688965,1.0,1.0,0.91796875,0.90234375,0.9031829833984375,0.9039115905761719,0.37032097578048706,0.0004732680681627244,0.00033739034552127123,0.3990543782711029,0.4016646146774292,0.3741670250892639,0.3687579035758972
56,,911,0.9043684005737305,1.0,0.999750018119812,0.9249374866485596,0.9021093845367432,0.9030429720878601,0.9040536880493164,0.34494414925575256,0.000914648873731494,,0.003058272646740079,,0.3663887083530426,,0.3761492073535919,,0.3500668406486511,,0.3430494964122772,,,,,,,,,,,,,,,,
,0.00011727851379051869,912,,,,,,,,,,,,,,,,,,,,,,,,,,,,,,,,,,,
57,,919,,,,,,,,,,0.0007629829342477024,,0.0005647141952067614,,0.434040904045105,,0.40895241498947144,,0.37505125999450684,,0.37592005729675293,0.3766123950481415,,,,,,,,,,,,,,
57,,927,,,,,,,,,,,,,,,,,,,,,,0.9045014977455139,1.0,1.0,0.91796875,0.90234375,0.9026947021484375,0.9044113159179688,0.36834844946861267,0.000459565402707085,0.0003454642428550869,0.3985978960990906,0.4024021029472351,0.37318670749664307,0.36633461713790894
57,,927,0.9045897722244263,1.0,0.999750018119812,0.9249374866485596,0.9015937447547913,0.9033398628234863,0.9043066501617432,0.34346529841423035,0.0008197888382710516,,0.0030924875754863024,,0.36684030294418335,,0.37565767765045166,,0.3489183783531189,,0.341389000415802,,,,,,,,,,,,,,,,
,0.0001126965169252718,928,,,,,,,,,,,,,,,,,,,,,,,,,,,,,,,,,,,
58,,929,,,,,,,,,,0.000795033061876893,,0.0005173044628463686,,0.3799160122871399,,0.37755823135375977,,0.343381404876709,,0.32634276151657104,0.33137425780296326,,,,,,,,,,,,,,
58,,939,,,,,,,,,,0.0007585501298308372,,0.0005457664956338704,,0.40787258744239807,,0.3718457520008087,,0.35853928327560425,,0.34780997037887573,0.35038134455680847,,,,,,,,,,,,,,
58,,943,,,,,,,,,,,,,,,,,,,,,,0.9051368236541748,1.0,1.0,0.91796875,0.90277099609375,0.9034271240234375,0.9050483703613281,0.3669717013835907,0.0004379982128739357,0.00032523617846891284,0.4007059931755066,0.4018973708152771,0.3719593286514282,0.3648050129413605
58,,943,0.9050095081329346,1.0,0.999750018119812,0.9249374866485596,0.9019531011581421,0.9034492373466492,0.9048163890838623,0.34204643964767456,0.0008421866805292666,,0.0028275931254029274,,0.36780810356140137,,0.3764611482620239,,0.3482314646244049,,0.3396049439907074,,,,,,,,,,,,,,,,
,0.00010815133409411566,944,,,,,,,,,,,,,,,,,,,,,,,,,,,,,,,,,,,
59,,949,,,,,,,,,,0.0008852551691234112,,0.0005205734632909298,,0.3271203637123108,,0.35570526123046875,,0.34236520528793335,,0.31436091661453247,0.32055172324180603,,,,,,,,,,,,,,
59,,959,,,,,,,,,,0.0007849246030673385,,0.0005008301814086735,,0.39151331782341003,,0.3880113959312439,,0.36148062348365784,,0.34996718168258667,0.35311734676361084,,,,,,,,,,,,,,
59,,959,,,,,,,,,,,,,,,,,,,,,,0.905256986618042,1.0,1.0,0.91796875,0.90301513671875,0.9034881591796875,0.9051780700683594,0.3658590614795685,0.000440262199845165,0.00032070715678855777,0.4003761410713196,0.4018925428390503,0.3718356490135193,0.36335819959640503
59,,959,0.9052227735519409,1.0,0.999750018119812,0.9249374866485596,0.9020156264305115,0.9037148356437683,0.9050302505493164,0.34099239110946655,0.0008087371243163943,,0.00284051476046443,,0.36771005392074585,,0.37640896439552307,,0.34759071469306946,,0.33836492896080017,,,,,,,,,,,,,,,,
,0.00010364745084375796,960,,,,,,,,,,,,,,,,,,,,,,,,,,,,,,,,,,,
60,,969,,,,,,,,,,0.0007974110194481909,,0.00047234693192876875,,0.3047766387462616,,0.34400931000709534,,0.3294973373413086,,0.3211161494255066,0.32239556312561035,,,,,,,,,,,,,,
60,,975,,,,,,,,,,,,,,,,,,,,,,0.9056347608566284,1.0,1.0,0.91796875,0.9022216796875,0.903533935546875,0.9057197570800781,0.36572030186653137,0.0004430027911439538,0.00031048787059262395,0.39858385920524597,0.40309634804725647,0.37198203802108765,0.3630894422531128
60,,975,0.9054923057556152,1.0,0.999750018119812,0.9249374866485596,0.9020156264305115,0.9035468697547913,0.9054316282272339,0.3395666480064392,0.0007835152209736407,,0.0028032620903104544,,0.36667850613594055,,0.3752596080303192,,0.34680020809173584,,0.3367501199245453,,,,,,,,,,,,,,,,
,9.918931196320633e-05,976,,,,,,,,,,,,,,,,,,,,,,,,,,,,,,,,,,,
61,,979,,,,,,,,,,0.0008686856599524617,,0.0005453887861222029,,0.3766445517539978,,0.4001215994358063,,0.3611900508403778,,0.3663633167743683,0.36575666069984436,,,,,,,,,,,,,,
61,,989,,,,,,,,,,0.0007819614838808775,,0.00046424532774835825,,0.36127719283103943,,0.3770214915275574,,0.3534950017929077,,0.3510201573371887,0.3515397906303406,,,,,,,,,,,,,,
61,,991,,,,,,,,,,,,,,,,,,,,,,0.905231237411499,1.0,1.0,0.91796875,0.90289306640625,0.902801513671875,0.9053230285644531,0.3657677173614502,0.0004300146538298577,0.0002999719581566751,0.39964234828948975,0.40230703353881836,0.3729441165924072,0.36294496059417725
61,,991,0.9057113528251648,1.0,0.999750018119812,0.9249374866485596,0.9017031192779541,0.903976559638977,0.9056357145309448,0.33862119913101196,0.0008102767751552165,,0.0029280749149620533,,0.3674750030040741,,0.3743303418159485,,0.34596943855285645,,0.33574265241622925,,,,,,,,,,,,,,,,
,9.478131709729838e-05,992,,,,,,,,,,,,,,,,,,,,,,,,,,,,,,,,,,,
62,,999,,,,,,,,,,0.0007606965955346823,,0.0005037672817707062,,0.4126853942871094,,0.40322011709213257,,0.3679770827293396,,0.3485795557498932,0.3542560040950775,,,,,,,,,,,,,,
62,,1007,,,,,,,,,,,,,,,,,,,,,,0.9056176543235779,1.0,1.0,0.91796875,0.90283203125,0.9033203125,0.9057121276855469,0.3649750351905823,0.0004148814477957785,0.0002781633229460567,0.40006783604621887,0.4024386405944824,0.37216177582740784,0.36206918954849243
62,,1007,0.906150221824646,1.0,0.999750018119812,0.9249374866485596,0.9024999737739563,0.9044296741485596,0.906057596206665,0.3371853530406952,0.0007624686695635319,,0.002955459989607334,,0.3663952946662903,,0.37497785687446594,,0.3451879620552063,,0.33400043845176697,,,,,,,,,,,,,,,,
,9.042781640478292e-05,1008,,,,,,,,,,,,,,,,,,,,,,,,,,,,,,,,,,,
63,,1009,,,,,,,,,,0.0006645115790888667,,0.000415226531913504,,0.32418861985206604,,0.4148695468902588,,0.3663243055343628,,0.3512013554573059,0.35542139410972595,,,,,,,,,,,,,,
63,,1019,,,,,,,,,,0.0006900483858771622,,0.00041942286770790815,,0.29006731510162354,,0.34415191411972046,,0.30545997619628906,,0.2897804379463196,0.2942139804363251,,,,,,,,,,,,,,
63,,1023,,,,,,,,,,,,,,,,,,,,,,0.9061527252197266,1.0,1.0,0.91796875,0.902099609375,0.9036712646484375,0.9063835144042969,0.36367347836494446,0.00041154498467221856,0.00028906710213050246,0.39885520935058594,0.40325430035591125,0.3713521957397461,0.36050450801849365
63,,1023,0.9063773155212402,1.0,0.999750018119812,0.9249374866485596,0.9027343988418579,0.9045234322547913,0.9063222408294678,0.33607417345046997,0.0007231440395116806,,0.0029442431405186653,,0.3679511845111847,,0.3743148446083069,,0.3441096246242523,,0.33280596137046814,,,,,,,,,,,,,,,,
,8.613310626523913e-05,1024,,,,,,,,,,,,,,,,,,,,,,,,,,,,,,,,,,,
64,,1029,,,,,,,,,,0.0007801373722031713,,0.00048774652532301843,,0.44363105297088623,,0.3939540684223175,,0.35360103845596313,,0.3558724522590637,0.3569590747356415,,,,,,,,,,,,,,
64,,1039,,,,,,,,,,0.0006866298499517143,,0.0004376484139356762,,0.37574851512908936,,0.3727078437805176,,0.3130243718624115,,0.32076334953308105,0.3212187886238098,,,,,,,,,,,,,,
64,,1039,,,,,,,,,,,,,,,,,,,,,,0.9058293700218201,1.0,1.0,0.91796875,0.902099609375,0.9035797119140625,0.905975341796875,0.36370378732681274,0.00040558696491643786,0.0002822742098942399,0.3981174826622009,0.4024178385734558,0.3713837265968323,0.36060088872909546
64,,1039,0.9063385128974915,1.0,0.999750018119812,0.9249374866485596,0.902218759059906,0.9046249985694885,0.9062773585319519,0.3355514705181122,0.0007468803087249398,,0.0028547521214932203,,0.36728233098983765,,0.3749827444553375,,0.3433580994606018,,0.3322661221027374,,,,,,,,,,,,,,,,
,8.190142503906802e-05,1040,,,,,,,,,,,,,,,,,,,,,,,,,,,,,,,,,,,
65,,1049,,,,,,,,,,0.0006489284569397569,,0.00044803196215070784,,0.3950709104537964,,0.3915737271308899,,0.3358699381351471,,0.3200848698616028,0.3261054456233978,,,,,,,,,,,,,,
65,,1055,,,,,,,,,,,,,,,,,,,,,,0.9056748151779175,1.0,1.0,0.91796875,0.9022216796875,0.9035491943359375,0.9057693481445312,0.3640661835670471,0.00037543877260759473,0.00026928464649245143,0.4006069004535675,0.4026159644126892,0.3725847601890564,0.3607324957847595
65,,1055,0.9064754843711853,1.0,0.999750018119812,0.9249374866485596,0.902468740940094,0.904714822769165,0.9064218997955322,0.33409446477890015,0.00070065853651613,,0.0030380208045244217,,0.36864474415779114,,0.37308064103126526,,0.3427935838699341,,0.33056190609931946,,,,,,,,,,,,,,,,
,7.773694888474271e-05,1056,,,,,,,,,,,,,,,,,,,,,,,,,,,,,,,,,,,
66,,1059,,,,,,,,,,0.0007494511664845049,,0.0004150132299400866,,0.34119778871536255,,0.3613167703151703,,0.3247568607330322,,0.31477344036102295,0.31798651814460754,,,,,,,,,,,,,,
66,,1069,,,,,,,,,,0.000767255260143429,,0.0004634510260075331,,0.3857825696468353,,0.3912424147129059,,0.3677982687950134,,0.351410448551178,0.35546910762786865,,,,,,,,,,,,,,
66,,1071,,,,,,,,,,,,,,,,,,,,,,0.9064303636550903,1.0,1.0,0.91796875,0.902587890625,0.904083251953125,0.9066200256347656,0.362311452627182,0.00037245964631438255,0.000263444846495986,0.39962780475616455,0.4018007218837738,0.3705155849456787,0.35897696018218994
66,,1071,0.9068432450294495,1.0,0.999750018119812,0.9249374866485596,0.9020624756813049,0.9050078392028809,0.9068642854690552,0.3332768976688385,0.0007398081361316144,,0.0029944991692900658,,0.3681276738643646,,0.37426307797431946,,0.3423594534397125,,0.32951489090919495,,,,,,,,,,,,,,,,
,7.364378763744433e-05,1072,,,,,,,,,,,,,,,,,,,,,,,,,,,,,,,,,,,
67,,1079,,,,,,,,,,0.00066833954770118,,0.0004162029945291579,,0.32100415229797363,,0.35110825300216675,,0.3235475420951843,,0.3093702793121338,0.3129909634590149,,,,,,,,,,,,,,
67,,1087,,,,,,,,,,,,,,,,,,,,,,0.9063730835914612,1.0,1.0,0.91796875,0.90301513671875,0.9041748046875,0.906494140625,0.3629492521286011,0.0003669780562631786,0.0002472962369211018,0.39976632595062256,0.4032385051250458,0.3714391589164734,0.3595043420791626
67,,1087,0.9070602059364319,1.0,0.999750018119812,0.9249374866485596,0.9027812480926514,0.9048827886581421,0.9071396589279175,0.3327178657054901,0.0007023452781140804,,0.0030876919627189636,,0.36672550439834595,,0.3735799193382263,,0.3422849178314209,,0.32885268330574036,,,,,,,,,,,,,,,,
,6.96259807531505e-05,1088,,,,,,,,,,,,,,,,,,,,,,,,,,,,,,,,,,,
68,,1089,,,,,,,,,,0.0006477477727457881,,0.0004221158742439002,,0.391751766204834,,0.371663898229599,,0.3354980945587158,,0.3324173390865326,0.33431482315063477,,,,,,,,,,,,,,
68,,1099,,,,,,,,,,0.0007125241681933403,,0.00046546506928279996,,0.2876325845718384,,0.3198835849761963,,0.28888508677482605,,0.2806217670440674,0.2830685079097748,,,,,,,,,,,,,,
68,,1103,,,,,,,,,,,,,,,,,,,,,,0.9062385559082031,1.0,1.0,0.91796875,0.90228271484375,0.9039306640625,0.9064216613769531,0.3623025715351105,0.000350175570929423,0.0002583499299362302,0.3996046781539917,0.40301835536956787,0.370943158864975,0.35878250002861023
68,,1103,0.9070901274681091,1.0,0.999750018119812,0.9249374866485596,0.9018594026565552,0.9052148461341858,0.9071543216705322,0.3318234980106354,0.0006876421975903213,,0.0028520317282527685,,0.36761289834976196,,0.37405750155448914,,0.34119173884391785,,0.32789093255996704,,,,,,,,,,,,,,,,
,6.568749332218042e-05,1104,,,,,,,,,,,,,,,,,,,,,,,,,,,,,,,,,,,
69,,1109,,,,,,,,,,0.0006049389485269785,,0.037957653403282166,,0.36281734704971313,,0.4135667085647583,,0.3561503291130066,,0.32954829931259155,0.3377712368965149,,,,,,,,,,,,,,
69,,1119,,,,,,,,,,0.0006673328462056816,,0.0005041520926170051,,0.4393182396888733,,0.3774244785308838,,0.35526666045188904,,0.34520745277404785,0.3484451472759247,,,,,,,,,,,,,,
69,,1119,,,,,,,,,,,,,,,,,,,,,,0.9063873887062073,1.0,1.0,0.91796875,0.9019775390625,0.9040985107421875,0.9065971374511719,0.36169159412384033,0.0003589939442463219,0.0002588259521871805,0.4003828763961792,0.40309327840805054,0.37017807364463806,0.3581424951553345
69,,1119,0.9073487520217896,1.0,0.999750018119812,0.9249374866485596,0.9019843935966492,0.9053124785423279,0.9074667692184448,0.33107396960258484,0.0006482542958110571,,0.0028172368183732033,,0.3669017553329468,,0.3730244040489197,,0.3404792547225952,,0.32714584469795227,,,,,,,,,,,,,,,,
,6.183221215612908e-05,1120,,,,,,,,,,,,,,,,,,,,,,,,,,,,,,,,,,,
70,,1129,,,,,,,,,,0.0006659554201178253,,0.00044932030141353607,,0.33910298347473145,,0.3770627975463867,,0.33741217851638794,,0.3230724334716797,0.3272995054721832,,,,,,,,,,,,,,
70,,1135,,,,,,,,,,,,,,,,,,,,,,0.906227171421051,1.0,1.0,0.91796875,0.9027099609375,0.90411376953125,0.9063339233398438,0.3617577850818634,0.0003636414185166359,0.00026281841564923525,0.39999887347221375,0.4015519618988037,0.3703494369983673,0.3582901954650879
70,,1135,0.9075846076011658,1.0,0.999750018119812,0.9249374866485596,0.902093768119812,0.9053164124488831,0.9077734351158142,0.32997167110443115,0.0006583328940905631,,0.0028909011743962765,,0.36776143312454224,,0.3722863495349884,,0.33969342708587646,,0.32590532302856445,,,,,,,,,,,,,,,,
,5.806394195205354e-05,1136,,,,,,,,,,,,,,,,,,,,,,,,,,,,,,,,,,,
71,,1139,,,,,,,,,,0.0006320796092040837,,0.0004038837505504489,,0.36132553219795227,,0.36834192276000977,,0.3347865343093872,,0.3199477791786194,0.3243144452571869,,,,,,,,,,,,,,
71,,1149,,,,,,,,,,0.0006567025557160378,,0.0003904165350832045,,0.3395828604698181,,0.32872772216796875,,0.31918489933013916,,0.3064076006412506,0.3091185688972473,,,,,,,,,,,,,,
71,,1151,,,,,,,,,,,,,,,,,,,,,,0.9064818024635315,1.0,1.0,0.91796875,0.90216064453125,0.904571533203125,0.9065933227539062,0.36138027906417847,0.0003387354372534901,0.00024440587731078267,0.398773193359375,0.4028984010219574,0.37055402994155884,0.35767096281051636
71,,1151,0.9074410796165466,1.0,0.999750018119812,0.9249374866485596,0.9022812247276306,0.9049453139305115,0.907663106918335,0.329668253660202,0.0006607797113247216,,0.002868426963686943,,0.36650753021240234,,0.3723642826080322,,0.34035128355026245,,0.32535114884376526,,,,,,,,,,,,,,,,
,5.438640153769656e-05,1152,,,,,,,,,,,,,,,,,,,,,,,,,,,,,,,,,,,
72,,1159,,,,,,,,,,0.0005440472159534693,,0.00039155950071290135,,0.34323567152023315,,0.35383743047714233,,0.34498053789138794,,0.3302641212940216,0.333073228597641,,,,,,,,,,,,,,
72,,1167,,,,,,,,,,,,,,,,,,,,,,0.9062385559082031,1.0,1.0,0.91796875,0.90234375,0.904144287109375,0.9063644409179688,0.36184948682785034,0.000339569611242041,0.0002426776773063466,0.39900481700897217,0.4027959704399109,0.37090128660202026,0.358212411403656
72,,1167,0.9076725840568542,1.0,0.999750018119812,0.9249374866485596,0.9020624756813049,0.9054375290870667,0.9078623056411743,0.3289889991283417,0.0006255688495002687,,0.002726232632994652,,0.3668834865093231,,0.3718278706073761,,0.3398994207382202,,0.3245870769023895,,,,,,,,,,,,,,,,
,5.080322020145227e-05,1168,,,,,,,,,,,,,,,,,,,,,,,,,,,,,,,,,,,
73,,1169,,,,,,,,,,0.0006428961642086506,,0.00040043354965746403,,0.33100539445877075,,0.3538808226585388,,0.32333704829216003,,0.29789677262306213,0.30459141731262207,,,,,,,,,,,,,,
73,,1179,,,,,,,,,,0.0005857805954292417,,0.00039484689477831125,,0.4108331799507141,,0.3899918496608734,,0.3761223256587982,,0.36051201820373535,0.36409276723861694,,,,,,,,,,,,,,
73,,1183,,,,,,,,,,,,,,,,,,,,,,0.9066449403762817,1.0,1.0,0.91796875,0.90191650390625,0.9042510986328125,0.9069061279296875,0.3604748845100403,0.00033563701435923576,0.0002461933472659439,0.3996143043041229,0.4035213589668274,0.36989113688468933,0.35657769441604614
73,,1183,0.9078300595283508,1.0,0.999750018119812,0.9249374866485596,0.9030156135559082,0.9058632850646973,0.9079062342643738,0.32800471782684326,0.000624838809017092,,0.0030425817240029573,,0.36601102352142334,,0.37144508957862854,,0.3378697335720062,,0.3238186836242676,,,,,,,,,,,,,,,,
,4.731793411069671e-05,1184,,,,,,,,,,,,,,,,,,,,,,,,,,,,,,,,,,,
74,,1189,,,,,,,,,,0.000602757791057229,,0.0003635965986177325,,0.3718793988227844,,0.372742235660553,,0.3415709137916565,,0.3311071991920471,0.3342883288860321,,,,,,,,,,,,,,
74,,1199,,,,,,,,,,0.0006242833333089948,,0.0004034891608171165,,0.36177483201026917,,0.35126301646232605,,0.32380709052085876,,0.31649136543273926,0.3188668489456177,,,,,,,,,,,,,,
74,,1199,,,,,,,,,,,,,,,,,,,,,,0.9066163301467896,1.0,1.0,0.91796875,0.9022216796875,0.9044952392578125,0.9067878723144531,0.3611995577812195,0.0003281293320469558,0.000233649872825481,0.3994460701942444,0.4034993350505829,0.36991655826568604,0.35754138231277466
74,,1199,0.9080029129981995,1.0,0.999750018119812,0.9249374866485596,0.902468740940094,0.905636727809906,0.9082275629043579,0.32746776938438416,0.0006038027931936085,,0.0030718869529664516,,0.36714398860931396,,0.3716663122177124,,0.3384397625923157,,0.3229288160800934,,,,,,,,,,,,,,,,
,4.39339828220179e-05,1200,,,,,,,,,,,,,,,,,,,,,,,,,,,,,,,,,,,
75,,1209,,,,,,,,,,0.0005652706604450941,,0.00039060661219991744,,0.3625420928001404,,0.3972364664077759,,0.34388816356658936,,0.32972174882888794,0.3347226083278656,,,,,,,,,,,,,,
75,,1215,,,,,,,,,,,,,,,,,,,,,,0.9065276384353638,1.0,1.0,0.91796875,0.90203857421875,0.904296875,0.9067306518554688,0.3608784079551697,0.0003293210465926677,0.00022334094683174044,0.3993229269981384,0.4032534956932068,0.3697938323020935,0.357161283493042
75,,1215,0.9079912900924683,1.0,0.999750018119812,0.9249374866485596,0.9023281335830688,0.9056133031845093,0.9082265496253967,0.32713747024536133,0.0006046270136721432,,0.0028918299358338118,,0.3656195104122162,,0.3722597062587738,,0.33857372403144836,,0.3224423825740814,,,,,,,,,,,,,,,,
,4.065470588678832e-05,1216,,,,,,,,,,,,,,,,,,,,,,,,,,,,,,,,,,,
76,,1219,,,,,,,,,,0.0005852630129083991,,0.00037213938776403666,,0.38201937079429626,,0.352114737033844,,0.3197444975376129,,0.30289578437805176,0.30818286538124084,,,,,,,,,,,,,,
76,,1229,,,,,,,,,,0.0005348617560230196,,0.0003912488173227757,,0.45717963576316833,,0.40068620443344116,,0.3717414438724518,,0.35165098309516907,0.35766837000846863,,,,,,,,,,,,,,
76,,1231,,,,,,,,,,,,,,,,,,,,,,0.9066249132156372,1.0,1.0,0.91796875,0.90185546875,0.9044342041015625,0.9068374633789062,0.36074385046958923,0.00032181330607272685,0.00022354949032887816,0.39861106872558594,0.4035555422306061,0.36980491876602173,0.3569714426994324
76,,1231,0.9081559777259827,1.0,0.999750018119812,0.9249374866485596,0.9020781517028809,0.9058476686477661,0.9084033370018005,0.32665014266967773,0.0005809015710838139,,0.003015517955645919,,0.36741921305656433,,0.37181591987609863,,0.33721503615379333,,0.3221316635608673,,,,,,,,,,,,,,,,
,3.7483339555431075e-05,1232,,,,,,,,,,,,,,,,,,,,,,,,,,,,,,,,,,,
77,,1239,,,,,,,,,,0.0005929067265242338,,0.0003688093856908381,,0.3324263095855713,,0.3504822850227356,,0.3307010233402252,,0.3136202096939087,0.31762513518333435,,,,,,,,,,,,,,
77,,1247,,,,,,,,,,,,,,,,,,,,,,0.9066506624221802,1.0,1.0,0.91796875,0.90228271484375,0.9045257568359375,0.9068222045898438,0.3606817126274109,0.00031096869497559965,0.00021809706231579185,0.39936381578445435,0.4028666615486145,0.3698774576187134,0.3569018244743347
77,,1247,0.9080271124839783,1.0,0.999750018119812,0.9249374866485596,0.9024843573570251,0.9054062366485596,0.908316433429718,0.32604438066482544,0.0006044504116289318,,0.003071903483942151,,0.36719852685928345,,0.3711834251880646,,0.3375944197177887,,0.3212721049785614,,,,,,,,,,,,,,,,
,3.442301358363164e-05,1248,,,,,,,,,,,,,,,,,,,,,,,,,,,,,,,,,,,
78,,1249,,,,,,,,,,0.0005395096377469599,,0.0003672158345580101,,0.38883060216903687,,0.38436445593833923,,0.35872843861579895,,0.3450546860694885,0.34871289134025574,,,,,,,,,,,,,,
78,,1259,,,,,,,,,,0.0005896509392186999,,0.000358969671651721,,0.41462481021881104,,0.36643633246421814,,0.3272266685962677,,0.32249632477760315,0.3253437578678131,,,,,,,,,,,,,,
78,,1263,,,,,,,,,,,,,,,,,,,,,,0.9066506624221802,1.0,1.0,0.91796875,0.90228271484375,0.9044342041015625,0.9068450927734375,0.36043715476989746,0.0003116837178822607,0.0002234303392469883,0.39917904138565063,0.40297091007232666,0.36996614933013916,0.3565499782562256
78,,1263,0.9081824421882629,1.0,0.999750018119812,0.9249374866485596,0.9025468826293945,0.9061328172683716,0.9083378911018372,0.32562631368637085,0.0005888801533728838,,0.0027487180195748806,,0.3667036294937134,,0.37220650911331177,,0.336640864610672,,0.3208982050418854,,,,,,,,,,,,,,,,
,3.147674814364645e-05,1264,,,,,,,,,,,,,,,,,,,,,,,,,,,,,,,,,,,
79,,1269,,,,,,,,,,0.000600093393586576,,0.0003671716258395463,,0.3259674608707428,,0.35817328095436096,,0.3205726742744446,,0.31156933307647705,0.3144719898700714,,,,,,,,,,,,,,
79,,1279,,,,,,,,,,0.0005445195129141212,,0.0003659619833342731,,0.32825660705566406,,0.3639187216758728,,0.32769742608070374,,0.3227235674858093,0.3244720995426178,,,,,,,,,,,,,,
79,,1279,,,,,,,,,,,,,,,,,,,,,,0.9065734148025513,1.0,1.0,0.91796875,0.9024658203125,0.9044647216796875,0.9067230224609375,0.36060336232185364,0.0003022690652869642,0.00021386580192483962,0.39989644289016724,0.40309303998947144,0.369961142539978,0.35675397515296936
79,,1279,0.9084286093711853,1.0,0.999750018119812,0.9249374866485596,0.9026406407356262,0.9059023261070251,0.9087177515029907,0.32524874806404114,0.0005830549634993076,,0.0028990693390369415,,0.3673090934753418,,0.37099671363830566,,0.3366674780845642,,0.32045382261276245,,,,,,,,,,,,,,,,
,2.8647450843757908e-05,1280,,,,,,,,,,,,,,,,,,,,,,,,,,,,,,,,,,,
80,,1289,,,,,,,,,,0.0005687580560334027,,0.00038592121563851833,,0.34712594747543335,,0.4085998237133026,,0.3494737148284912,,0.3376227617263794,0.3420494496822357,,,,,,,,,,,,,,
80,,1295,,,,,,,,,,,,,,,,,,,,,,0.9064904451370239,1.0,1.0,0.91796875,0.9024658203125,0.904693603515625,0.90655517578125,0.3609529137611389,0.0002874914789572358,0.00021225697128102183,0.39970433712005615,0.4037172198295593,0.3699895739555359,0.3571767807006836
80,,1295,0.9083853960037231,1.0,0.999750018119812,0.9249374866485596,0.9027343988418579,0.906011700630188,0.9086269736289978,0.32466137409210205,0.0005539730773307383,,0.002840999513864517,,0.36624470353126526,,0.3698830008506775,,0.3361690640449524,,0.31988197565078735,,,,,,,,,,,,,,,,
,2.5937913858815748e-05,1296,,,,,,,,,,,,,,,,,,,,,,,,,,,,,,,,,,,
81,,1299,,,,,,,,,,0.0004943079547956586,,0.00034384577884338796,,0.37919819355010986,,0.36727607250213623,,0.33934855461120605,,0.3158552646636963,0.32225915789604187,,,,,,,,,,,,,,
81,,1309,,,,,,,,,,0.0005342137883417308,,0.00034484820207580924,,0.3511860966682434,,0.390707790851593,,0.34090670943260193,,0.32149118185043335,0.32754966616630554,,,,,,,,,,,,,,
81,,1311,,,,,,,,,,,,,,,,,,,,,,0.9066964387893677,1.0,1.0,0.91796875,0.90203857421875,0.9045867919921875,0.9068832397460938,0.3602238893508911,0.0002919009421020746,0.0002130614302586764,0.399309366941452,0.4032127857208252,0.3696639835834503,0.35632410645484924
81,,1311,0.9086556434631348,1.0,0.999750018119812,0.9249374866485596,0.9024999737739563,0.9062578082084656,0.9089404344558716,0.32452407479286194,0.0005473965429700911,,0.003001856617629528,,0.3663756847381592,,0.3711952865123749,,0.3357311189174652,,0.31972378492355347,,,,,,,,,,,,,,,,
,2.3350811174697777e-05,1312,,,,,,,,,,,,,,,,,,,,,,,,,,,,,,,,,,,
82,,1319,,,,,,,,,,0.0004984048428013921,,0.00037229471490718424,,0.3562059998512268,,0.38972657918930054,,0.3416118323802948,,0.32055264711380005,0.3269907236099243,,,,,,,,,,,,,,
82,,1327,,,,,,,,,,,,,,,,,,,,,,0.9067679643630981,1.0,1.0,0.91796875,0.9022216796875,0.9046173095703125,0.9069595336914062,0.3602641224861145,0.0002915434306487441,0.00021183986973483115,0.3993868827819824,0.40316224098205566,0.36973655223846436,0.35636159777641296
82,,1327,0.9085977673530579,1.0,0.999750018119812,0.9249374866485596,0.9020624756813049,0.9061210751533508,0.9089248180389404,0.3241926431655884,0.0005592251545749605,,0.00269951275549829,,0.3663802444934845,,0.3712030053138733,,0.3356421887874603,,0.31930482387542725,,,,,,,,,,,,,,,,
,2.088869594940844e-05,1328,,,,,,,,,,,,,,,,,,,,,,,,,,,,,,,,,,,
83,,1329,,,,,,,,,,0.0005668795784004033,,0.0004014698788523674,,0.35273993015289307,,0.3334500789642334,,0.3208427429199219,,0.2954224944114685,0.3015642464160919,,,,,,,,,,,,,,
83,,1339,,,,,,,,,,0.0004907692782580853,,0.000325332919601351,,0.3535916805267334,,0.3757919669151306,,0.3432854413986206,,0.3321974575519562,0.335356205701828,,,,,,,,,,,,,,
83,,1343,,,,,,,,,,,,,,,,,,,,,,0.9067308306694031,1.0,1.0,0.91796875,0.90234375,0.9046630859375,0.906890869140625,0.36015549302101135,0.0002928543253801763,0.00021520657173823565,0.39951425790786743,0.4022841453552246,0.36978331208229065,0.35625797510147095
83,,1343,0.9085984826087952,1.0,0.999750018119812,0.9249374866485596,0.9021718502044678,0.9060508012771606,0.9089365005493164,0.32400813698768616,0.0005563191953115165,,0.0027203094214200974,,0.36709335446357727,,0.3711489140987396,,0.33558619022369385,,0.31906503438949585,,,,,,,,,,,,,,,,
,1.8553997993420465e-05,1344,,,,,,,,,,,,,,,,,,,,,,,,,,,,,,,,,,,
84,,1349,,,,,,,,,,0.0005529545596800745,,0.00033928750781342387,,0.4415883421897888,,0.3627970218658447,,0.333556205034256,,0.3085606098175049,0.31622183322906494,,,,,,,,,,,,,,
84,,1359,,,,,,,,,,0.0004690564237535,,0.0003536220465321094,,0.33684390783309937,,0.3802565932273865,,0.3286084234714508,,0.3207249641418457,0.3240102231502533,,,,,,,,,,,,,,
84,,1359,,,,,,,,,,,,,,,,,,,,,,0.906716525554657,1.0,1.0,0.91796875,0.90228271484375,0.9046173095703125,0.9068870544433594,0.36054226756095886,0.00029118589009158313,0.00021371686307247728,0.3994937837123871,0.40351152420043945,0.36950451135635376,0.35676681995391846
84,,1359,0.9086629748344421,1.0,0.999750018119812,0.9249374866485596,0.9023905992507935,0.9062187671661377,0.9089667797088623,0.3235943019390106,0.0005475703510455787,,0.0028961850330233574,,0.3663957715034485,,0.37035882472991943,,0.3356512188911438,,0.31855669617652893,,,,,,,,,,,,,,,,
,1.6349021371744834e-05,1360,,,,,,,,,,,,,,,,,,,,,,,,,,,,,,,,,,,
85,,1369,,,,,,,,,,0.0005823994870297611,,0.0003938672016374767,,0.41196709871292114,,0.3807573914527893,,0.364534854888916,,0.34599804878234863,0.35061174631118774,,,,,,,,,,,,,,
85,,1375,,,,,,,,,,,,,,,,,,,,,,0.9068881869316101,1.0,1.0,0.91796875,0.90179443359375,0.9044952392578125,0.9071769714355469,0.3600010573863983,0.0002914242504630238,0.00021172058768570423,0.39944812655448914,0.40303122997283936,0.3694760799407959,0.3560832142829895
85,,1375,0.9086564183235168,1.0,0.999750018119812,0.9249374866485596,0.9022499918937683,0.9065507650375366,0.908883810043335,0.3233875036239624,0.0005603617755696177,,0.003030899679288268,,0.36616167426109314,,0.3702697157859802,,0.33532941341400146,,0.31837016344070435,,,,,,,,,,,,,,,,
,1.4275942130097098e-05,1376,,,,,,,,,,,,,,,,,,,,,,,,,,,,,,,,,,,
86,,1379,,,,,,,,,,0.0005554658127948642,,0.00036109393113292754,,0.44172751903533936,,0.38006240129470825,,0.3568934202194214,,0.33769482374191284,0.3432658314704895,,,,,,,,,,,,,,
86,,1389,,,,,,,,,,0.0005669178208336234,,0.039099521934986115,,0.2963652014732361,,0.3478814363479614,,0.30462056398391724,,0.289101243019104,0.2939089834690094,,,,,,,,,,,,,,
86,,1391,,,,,,,,,,,,,,,,,,,,,,0.9068796038627625,1.0,1.0,0.91796875,0.90203857421875,0.904693603515625,0.9071006774902344,0.360011488199234,0.0002907091984525323,0.00021279319480527192,0.3992363214492798,0.40318241715431213,0.3696167767047882,0.3560558259487152
86,,1391,0.9086564779281616,1.0,0.999750018119812,0.9249374866485596,0.9026562571525574,0.9065859317779541,0.9088495969772339,0.32351529598236084,0.0005503471475094557,,0.002844147616997361,,0.36703383922576904,,0.3702752888202667,,0.335072785615921,,0.31859147548675537,,,,,,,,,,,,,,,,
,1.2336806147402864e-05,1392,,,,,,,,,,,,,,,,,,,,,,,,,,,,,,,,,,,
87,,1399,,,,,,,,,,0.0005395148182287812,,0.00035043724346905947,,0.356687068939209,,0.3428606390953064,,0.32342594861984253,,0.3119121193885803,0.3149062991142273,,,,,,,,,,,,,,
87,,1407,,,,,,,,,,,,,,,,,,,,,,0.9068652987480164,1.0,1.0,0.91796875,0.90216064453125,0.9044342041015625,0.9071388244628906,0.3597363233566284,0.0002896366349887103,0.00021347847359720618,0.3994210660457611,0.40287235379219055,0.3695448040962219,0.35572350025177
87,,1407,0.9088439345359802,1.0,0.999750018119812,0.9249374866485596,0.9027812480926514,0.906417965888977,0.909133791923523,0.32290545105934143,0.0005520658451132476,,0.00241598067805171,,0.3678196370601654,,0.37049779295921326,,0.33451151847839355,,0.3178942799568176,,,,,,,,,,,,,,,,
,1.0533527116762298e-05,1408,,,,,,,,,,,,,,,,,,,,,,,,,,,,,,,,,,,
88,,1409,,,,,,,,,,0.0005427945870906115,,0.0003535868017934263,,0.42323923110961914,,0.40522220730781555,,0.3671457767486572,,0.34714847803115845,0.35324349999427795,,,,,,,,,,,,,,
88,,1419,,,,,,,,,,0.0005573679227381945,,0.0003413861559238285,,0.3747369945049286,,0.3927525281906128,,0.3486592769622803,,0.3196755647659302,0.32801350951194763,,,,,,,,,,,,,,
88,,1423,,,,,,,,,,,,,,,,,,,,,,0.906808078289032,1.0,1.0,0.91796875,0.90234375,0.9045562744140625,0.9070205688476562,0.36032944917678833,0.0002858230145648122,0.00020439094805624336,0.39964523911476135,0.40345174074172974,0.36984094977378845,0.35640043020248413
88,,1423,0.9088907837867737,1.0,0.999750018119812,0.9249374866485596,0.9029843807220459,0.9063281416893005,0.9092060327529907,0.32268235087394714,0.0005541222635656595,,0.0031210402958095074,,0.3654685616493225,,0.3693908154964447,,0.33506083488464355,,0.3175627887248993,,,,,,,,,,,,,,,,
,8.867884656866183e-06,1424,,,,,,,,,,,,,,,,,,,,,,,,,,,,,,,,,,,
89,,1429,,,,,,,,,,0.00047928214189596474,,0.00034438553848303854,,0.38253676891326904,,0.36694514751434326,,0.3469463586807251,,0.3354106545448303,0.33837780356407166,,,,,,,,,,,,,,
89,,1439,,,,,,,,,,0.0005058118840679526,,0.00032588577596470714,,0.4400227665901184,,0.40553298592567444,,0.37533870339393616,,0.35110312700271606,0.35795795917510986,,,,,,,,,,,,,,
89,,1439,,,,,,,,,,,,,,,,,,,,,,0.906805157661438,1.0,1.0,0.91796875,0.90228271484375,0.9044189453125,0.9070549011230469,0.3599523901939392,0.0002847504511009902,0.00020877085626125336,0.3995629847049713,0.4033464193344116,0.3696901798248291,0.35594338178634644
89,,1439,0.9087978005409241,1.0,0.999750018119812,0.9249374866485596,0.902999997138977,0.9062656164169312,0.9090966582298279,0.3227105438709259,0.0005317741306498647,,0.0028964527882635593,,0.3663903474807739,,0.3690870702266693,,0.3348158001899719,,0.31766706705093384,,,,,,,,,,,,,,,,
,7.341522555726971e-06,1440,,,,,,,,,,,,,,,,,,,,,,,,,,,,,,,,,,,
90,,1449,,,,,,,,,,0.0005821025697514415,,0.0003570822882466018,,0.43899309635162354,,0.41332852840423584,,0.3566875755786896,,0.3422357141971588,0.3481614291667938,,,,,,,,,,,,,,
90,,1455,,,,,,,,,,,,,,,,,,,,,,0.9068624377250671,1.0,1.0,0.91796875,0.9022216796875,0.904449462890625,0.9071273803710938,0.35994088649749756,0.00028451209072954953,0.00020862181554548442,0.3994104862213135,0.4035005569458008,0.3697664737701416,0.35590171813964844
90,,1455,0.9089018702507019,1.0,0.999750018119812,0.9249374866485596,0.9024843573570251,0.9065155982971191,0.9092050790786743,0.3225708603858948,0.0005605725455097854,,0.002758400747552514,,0.36645078659057617,,0.37045812606811523,,0.33413586020469666,,0.3175647258758545,,,,,,,,,,,,,,,,
,5.955947148458557e-06,1456,,,,,,,,,,,,,,,,,,,,,,,,,,,,,,,,,,,
91,,1459,,,,,,,,,,0.0005075023509562016,,0.00036661879858002067,,0.3153591752052307,,0.3532990515232086,,0.32811886072158813,,0.3222426772117615,0.3235412538051605,,,,,,,,,,,,,,
91,,1469,,,,,,,,,,0.0005515061784535646,,0.0003713863843586296,,0.37469980120658875,,0.36855077743530273,,0.3017016649246216,,0.28933876752853394,0.2953135669231415,,,,,,,,,,,,,,
91,,1471,,,,,,,,,,,,,,,,,,,,,,0.9068052172660828,1.0,1.0,0.91796875,0.9019775390625,0.90460205078125,0.9070281982421875,0.36008813977241516,0.0002851079625543207,0.00021043929154984653,0.3994740843772888,0.4033573865890503,0.36966273188591003,0.3561318814754486
91,,1471,0.90891432762146,1.0,0.999750018119812,0.9249374866485596,0.9028280973434448,0.9066757559776306,0.9091601371765137,0.3222343623638153,0.0005390566075220704,,0.0028521334752440453,,0.3663208782672882,,0.3702539801597595,,0.3342196047306061,,0.31710976362228394,,,,,,,,,,,,,,,,
,4.712525830705355e-06,1472,,,,,,,,,,,,,,,,,,,,,,,,,,,,,,,,,,,
92,,1479,,,,,,,,,,0.0005633302498608828,,0.00036251364508643746,,0.40285003185272217,,0.3581467866897583,,0.34222906827926636,,0.32271918654441833,0.32779788970947266,,,,,,,,,,,,,,
92,,1487,,,,,,,,,,,,,,,,,,,,,,0.9068509936332703,1.0,1.0,0.91796875,0.90240478515625,0.904571533203125,0.9070701599121094,0.36007270216941833,0.000285227142740041,0.00020990298071410507,0.3994157314300537,0.40352264046669006,0.3697010576725006,0.35609230399131775
92,,1487,0.909085750579834,1.0,0.999750018119812,0.9249374866485596,0.9027968645095825,0.9067578315734863,0.9093701243400574,0.32235395908355713,0.000554008292965591,,0.0029138068202883005,,0.36650756001472473,,0.3700605034828186,,0.334197998046875,,0.3172834813594818,,,,,,,,,,,,,,,,
,3.612485709187901e-06,1488,,,,,,,,,,,,,,,,,,,,,,,,,,,,,,,,,,,
93,,1489,,,,,,,,,,0.0005256748991087079,,0.0003411603975109756,,0.3691379725933075,,0.37855058908462524,,0.3517637252807617,,0.3351151943206787,0.3394467532634735,,,,,,,,,,,,,,
93,,1499,,,,,,,,,,0.0005072768544778228,,0.0003525401989463717,,0.42726320028305054,,0.4241701066493988,,0.3803691864013672,,0.3551521301269531,0.36266323924064636,,,,,,,,,,,,,,
93,,1503,,,,,,,,,,,,,,,,,,,,,,0.9068281054496765,1.0,1.0,0.91796875,0.90216064453125,0.9044647216796875,0.9070816040039062,0.35994285345077515,0.0002814135223161429,0.00020894952467642725,0.39953315258026123,0.40335625410079956,0.36962926387786865,0.35594576597213745
93,,1503,0.9088909029960632,1.0,0.999750018119812,0.9249374866485596,0.9026874899864197,0.9065077900886536,0.9091796875,0.32217293977737427,0.0005357331829145551,,0.0026675916742533445,,0.3663272559642792,,0.36965063214302063,,0.334236741065979,,0.3170618712902069,,,,,,,,,,,,,,,,
,2.6569123906966916e-06,1504,,,,,,,,,,,,,,,,,,,,,,,,,,,,,,,,,,,
94,,1509,,,,,,,,,,0.0004977132193744183,,0.00035733776167035103,,0.4472734332084656,,0.4091581106185913,,0.354547381401062,,0.3386329114437103,0.34495872259140015,,,,,,,,,,,,,,
94,,1519,,,,,,,,,,0.0005237541045062244,,0.0003477709542494267,,0.4558442234992981,,0.40442395210266113,,0.36518192291259766,,0.36772552132606506,0.3686564564704895,,,,,,,,,,,,,,
94,,1519,,,,,,,,,,,,,,,,,,,,,,0.9068366289138794,1.0,1.0,0.91796875,0.90228271484375,0.904541015625,0.9070663452148438,0.36005836725234985,0.0002805792901199311,0.00020704264170490205,0.3995366096496582,0.4035038352012634,0.3697797656059265,0.35605281591415405
94,,1519,0.9088944792747498,1.0,0.999750018119812,0.9249374866485596,0.9022499918937683,0.9062031507492065,0.9092881083488464,0.32228946685791016,0.0005435243365354836,,0.0028743429575115442,,0.36670270562171936,,0.37049075961112976,,0.3345228135585785,,0.31708645820617676,,,,,,,,,,,,,,,,
,1.8467489107293509e-06,1520,,,,,,,,,,,,,,,,,,,,,,,,,,,,,,,,,,,
95,,1529,,,,,,,,,,0.0005645645433105528,,0.00034894217969849706,,0.3904617726802826,,0.38891732692718506,,0.35437044501304626,,0.32879143953323364,0.33592772483825684,,,,,,,,,,,,,,
95,,1535,,,,,,,,,,,,,,,,,,,,,,0.9067994356155396,1.0,1.0,0.91796875,0.9022216796875,0.904449462890625,0.90704345703125,0.36002492904663086,0.00028272447525523603,0.0002095156378345564,0.3994821608066559,0.40343722701072693,0.3697553277015686,0.35601937770843506
95,,1535,0.9089838862419128,1.0,0.999750018119812,0.9249374866485596,0.9027968645095825,0.9063711166381836,0.9093310832977295,0.32194793224334717,0.0005306571256369352,,0.00278143840841949,,0.3667982816696167,,0.3697626292705536,,0.33438044786453247,,0.3167112469673157,,,,,,,,,,,,,,,,
,1.1827948028283352e-06,1536,,,,,,,,,,,,,,,,,,,,,,,,,,,,,,,,,,,
96,,1539,,,,,,,,,,0.0005323670338839293,,0.00035320245660841465,,0.3954307734966278,,0.3863748013973236,,0.3282579183578491,,0.316489577293396,0.3217408061027527,,,,,,,,,,,,,,
96,,1549,,,,,,,,,,0.0005368884303607047,,0.00037807883927598596,,0.4125838875770569,,0.349637895822525,,0.34093111753463745,,0.3327583968639374,0.3348008692264557,,,,,,,,,,,,,,
96,,1551,,,,,,,,,,,,,,,,,,,,,,0.9068109393119812,1.0,1.0,0.91796875,0.90216064453125,0.904541015625,0.9070396423339844,0.35996341705322266,0.00028272447525523603,0.00020915811182931066,0.39950716495513916,0.4034166932106018,0.3696918785572052,0.355954110622406
96,,1551,0.9089003205299377,1.0,0.999750018119812,0.9249374866485596,0.902718722820282,0.9064375162124634,0.9092079997062683,0.3220260441303253,0.0005452886107377708,,0.0029488522559404373,,0.36567384004592896,,0.3712765574455261,,0.33390194177627563,,0.3168572783470154,,,,,,,,,,,,,,,,
,6.657053095380005e-07,1552,,,,,,,,,,,,,,,,,,,,,,,,,,,,,,,,,,,
97,,1559,,,,,,,,,,0.0005789183778688312,,0.0003640878130681813,,0.3712155222892761,,0.3452579975128174,,0.3373626470565796,,0.3165503144264221,0.3212823271751404,,,,,,,,,,,,,,
97,,1567,,,,,,,,,,,,,,,,,,,,,,0.9068366885185242,1.0,1.0,0.91796875,0.9022216796875,0.90447998046875,0.9070854187011719,0.3599886894226074,0.0002826052950695157,0.0002091282804030925,0.3994881510734558,0.4034445285797119,0.3697132170200348,0.3559810519218445
97,,1567,0.9089715480804443,1.0,0.999750018119812,0.9249374866485596,0.903124988079071,0.9065468907356262,0.909250020980835,0.3220163881778717,0.0005416396888904274,,0.002754861954599619,,0.3656724989414215,,0.36976468563079834,,0.33402353525161743,,0.3169093132019043,,,,,,,,,,,,,,,,
,2.9599073575926616e-07,1568,,,,,,,,,,,,,,,,,,,,,,,,,,,,,,,,,,,
98,,1569,,,,,,,,,,0.0005596806295216084,,0.00036468985490500927,,0.40591782331466675,,0.4006626009941101,,0.34068551659584045,,0.3148714601993561,0.3236505389213562,,,,,,,,,,,,,,
98,,1579,,,,,,,,,,0.0005179455620236695,,0.00034983790828846395,,0.36741581559181213,,0.35945332050323486,,0.3251464068889618,,0.30043888092041016,0.3075256049633026,,,,,,,,,,,,,,
98,,1583,,,,,,,,,,,,,,,,,,,,,,0.9068309664726257,1.0,1.0,0.91796875,0.902099609375,0.904510498046875,0.9070777893066406,0.3599841296672821,0.0002826052950695157,0.0002091282804030925,0.39949190616607666,0.4034399092197418,0.3697050213813782,0.35597723722457886
98,,1583,0.9088241457939148,1.0,0.999750018119812,0.9249374866485596,0.9021093845367432,0.9066210985183716,0.9090986251831055,0.3221689760684967,0.0005378738278523088,,0.002953162183985114,,0.365867555141449,,0.37111490964889526,,0.3338641822338104,,0.3170643150806427,,,,,,,,,,,,,,,,
,7.401594514025999e-08,1584,,,,,,,,,,,,,,,,,,,,,,,,,,,,,,,,,,,
99,,1589,,,,,,,,,,0.0005233631236478686,,0.0003636333567555994,,0.32928910851478577,,0.3337341547012329,,0.30240511894226074,,0.2879868745803833,0.2922665476799011,,,,,,,,,,,,,,
99,,1599,,,,,,,,,,0.0005133178783580661,,0.00033391299075447023,,0.32186347246170044,,0.3595938980579376,,0.33071619272232056,,0.3259449005126953,0.3271769881248474,,,,,,,,,,,,,,
99,,1599,,,,,,,,,,,,,,,,,,,,,,0.9068366885185242,1.0,1.0,0.91796875,0.902099609375,0.904510498046875,0.9070854187011719,0.35998666286468506,0.0002826052950695157,0.0002091282804030925,0.3994904160499573,0.40344393253326416,0.3697070777416229,0.35597991943359375
99,,1599,0.9090996980667114,1.0,0.999750018119812,0.9249374866485596,0.9032968878746033,0.906374990940094,0.9094531536102295,0.3219245970249176,0.0005369177088141441,,0.002905852161347866,,0.3655899465084076,,0.36988458037376404,,0.33400049805641174,,0.3167858421802521,,,,,,,,,,,,,,,,
